/*M!999999\- enable the sandbox mode */ 
-- MariaDB dump 10.19-11.7.2-MariaDB, for Win64 (AMD64)
--
-- Host: localhost    Database: producekbo
-- ------------------------------------------------------
-- Server version	11.7.2-MariaDB

/*!40101 SET @OLD_CHARACTER_SET_CLIENT=@@CHARACTER_SET_CLIENT */;
/*!40101 SET @OLD_CHARACTER_SET_RESULTS=@@CHARACTER_SET_RESULTS */;
/*!40101 SET @OLD_COLLATION_CONNECTION=@@COLLATION_CONNECTION */;
/*!40101 SET NAMES utf8mb4 */;
/*!40103 SET @OLD_TIME_ZONE=@@TIME_ZONE */;
/*!40103 SET TIME_ZONE='+00:00' */;
/*!40014 SET @OLD_UNIQUE_CHECKS=@@UNIQUE_CHECKS, UNIQUE_CHECKS=0 */;
/*!40014 SET @OLD_FOREIGN_KEY_CHECKS=@@FOREIGN_KEY_CHECKS, FOREIGN_KEY_CHECKS=0 */;
/*!40101 SET @OLD_SQL_MODE=@@SQL_MODE, SQL_MODE='NO_AUTO_VALUE_ON_ZERO' */;
/*M!100616 SET @OLD_NOTE_VERBOSITY=@@NOTE_VERBOSITY, NOTE_VERBOSITY=0 */;

--
-- Table structure for table `allstar`
--

DROP TABLE IF EXISTS `allstar`;
/*!40101 SET @saved_cs_client     = @@character_set_client */;
/*!40101 SET character_set_client = utf8mb4 */;
CREATE TABLE `allstar` (
  `id` bigint(20) NOT NULL AUTO_INCREMENT,
  `user_id` bigint(20) NOT NULL,
  `event_name` varchar(100) NOT NULL,
  `description` text DEFAULT NULL,
  `start_date` datetime NOT NULL,
  `end_date` datetime NOT NULL,
  `status` enum('UPCOMING','OPEN','CLOSED') NOT NULL,
  PRIMARY KEY (`id`),
  KEY `user_id` (`user_id`),
  CONSTRAINT `allstar_ibfk_1` FOREIGN KEY (`user_id`) REFERENCES `user` (`id`)
) ENGINE=InnoDB DEFAULT CHARSET=utf8mb4 COLLATE=utf8mb4_uca1400_ai_ci;
/*!40101 SET character_set_client = @saved_cs_client */;

--
-- Dumping data for table `allstar`
--

LOCK TABLES `allstar` WRITE;
/*!40000 ALTER TABLE `allstar` DISABLE KEYS */;
/*!40000 ALTER TABLE `allstar` ENABLE KEYS */;
UNLOCK TABLES;

--
-- Table structure for table `allstarcandidate`
--

DROP TABLE IF EXISTS `allstarcandidate`;
/*!40101 SET @saved_cs_client     = @@character_set_client */;
/*!40101 SET character_set_client = utf8mb4 */;
CREATE TABLE `allstarcandidate` (
  `id` bigint(20) NOT NULL AUTO_INCREMENT,
  `allstar_id` bigint(20) NOT NULL,
  `player_id` bigint(20) NOT NULL,
  `candidate_position` enum('포수','1루수','2루수','3루수','유격수','좌익수','중견수','우익수','선발투수','불펜투수') NOT NULL,
  `is_active` tinyint(1) NOT NULL DEFAULT 1,
  PRIMARY KEY (`id`),
  KEY `allstar_id` (`allstar_id`),
  KEY `player_id` (`player_id`),
  CONSTRAINT `allstarcandidate_ibfk_1` FOREIGN KEY (`allstar_id`) REFERENCES `allstar` (`id`),
  CONSTRAINT `allstarcandidate_ibfk_2` FOREIGN KEY (`player_id`) REFERENCES `players` (`id`)
) ENGINE=InnoDB DEFAULT CHARSET=utf8mb4 COLLATE=utf8mb4_uca1400_ai_ci;
/*!40101 SET character_set_client = @saved_cs_client */;

--
-- Dumping data for table `allstarcandidate`
--

LOCK TABLES `allstarcandidate` WRITE;
/*!40000 ALTER TABLE `allstarcandidate` DISABLE KEYS */;
/*!40000 ALTER TABLE `allstarcandidate` ENABLE KEYS */;
UNLOCK TABLES;

--
-- Table structure for table `allstarvote`
--

DROP TABLE IF EXISTS `allstarvote`;
/*!40101 SET @saved_cs_client     = @@character_set_client */;
/*!40101 SET character_set_client = utf8mb4 */;
CREATE TABLE `allstarvote` (
  `id` bigint(20) NOT NULL AUTO_INCREMENT,
  `user_id` bigint(20) NOT NULL,
  `allstar_id` bigint(20) NOT NULL,
  `allstarCandidate_id` bigint(20) NOT NULL,
  `vote_timestamp` datetime NOT NULL DEFAULT current_timestamp(),
  `포수이름` varchar(30) NOT NULL,
  `1루수이름` varchar(30) NOT NULL,
  `2루수이름` varchar(30) NOT NULL,
  `3루수이름` varchar(30) NOT NULL,
  `유격수이름` varchar(30) NOT NULL,
  `좌익수이름` varchar(30) NOT NULL,
  `중견수이름` varchar(30) NOT NULL,
  `우익수이름` varchar(30) NOT NULL,
  `선발투수이름` varchar(30) NOT NULL,
  `불페투수이름` varchar(30) NOT NULL,
  PRIMARY KEY (`id`),
  UNIQUE KEY `user_id` (`user_id`),
  KEY `allstar_id` (`allstar_id`),
  KEY `allstarCandidate_id` (`allstarCandidate_id`),
  CONSTRAINT `allstarvote_ibfk_1` FOREIGN KEY (`user_id`) REFERENCES `user` (`id`),
  CONSTRAINT `allstarvote_ibfk_2` FOREIGN KEY (`allstar_id`) REFERENCES `allstar` (`id`),
  CONSTRAINT `allstarvote_ibfk_3` FOREIGN KEY (`allstarCandidate_id`) REFERENCES `allstarcandidate` (`id`)
) ENGINE=InnoDB DEFAULT CHARSET=utf8mb4 COLLATE=utf8mb4_uca1400_ai_ci;
/*!40101 SET character_set_client = @saved_cs_client */;

--
-- Dumping data for table `allstarvote`
--

LOCK TABLES `allstarvote` WRITE;
/*!40000 ALTER TABLE `allstarvote` DISABLE KEYS */;
/*!40000 ALTER TABLE `allstarvote` ENABLE KEYS */;
UNLOCK TABLES;

--
-- Table structure for table `batter`
--

DROP TABLE IF EXISTS `batter`;
/*!40101 SET @saved_cs_client     = @@character_set_client */;
/*!40101 SET character_set_client = utf8mb4 */;
CREATE TABLE `batter` (
  `id` bigint(20) NOT NULL AUTO_INCREMENT,
  `batterPosition_id` bigint(20) NOT NULL,
  `batterStats_id` bigint(20) NOT NULL,
  PRIMARY KEY (`id`),
  KEY `batterPosition_id` (`batterPosition_id`),
  KEY `batterStats_id` (`batterStats_id`),
  CONSTRAINT `batter_ibfk_1` FOREIGN KEY (`batterPosition_id`) REFERENCES `batterposition` (`id`),
  CONSTRAINT `batter_ibfk_2` FOREIGN KEY (`batterStats_id`) REFERENCES `batterstats` (`id`)
) ENGINE=InnoDB AUTO_INCREMENT=512 DEFAULT CHARSET=utf8mb4 COLLATE=utf8mb4_uca1400_ai_ci;
/*!40101 SET character_set_client = @saved_cs_client */;

--
-- Dumping data for table `batter`
--

LOCK TABLES `batter` WRITE;
/*!40000 ALTER TABLE `batter` DISABLE KEYS */;
INSERT INTO `batter` VALUES
(1,5,5),
(2,22,22),
(3,24,24),
(4,27,27),
(5,30,30),
(6,33,33),
(7,51,51),
(8,56,56),
(9,60,60),
(10,75,75),
(11,89,89),
(12,98,98),
(13,105,105),
(14,113,113),
(15,120,120),
(16,121,121),
(17,124,124),
(18,158,158),
(19,159,159),
(20,162,162),
(21,164,164),
(22,188,188),
(23,196,196),
(24,216,216),
(25,221,221),
(26,226,226),
(27,232,232),
(28,246,246),
(29,267,267),
(30,269,269),
(31,4,4),
(32,9,9),
(33,12,12),
(34,29,29),
(35,31,31),
(36,50,50),
(37,79,79),
(38,85,85),
(39,111,111),
(40,116,116),
(41,122,122),
(42,125,125),
(43,137,137),
(44,141,141),
(45,175,175),
(46,180,180),
(47,198,198),
(48,211,211),
(49,214,214),
(50,219,219),
(51,227,227),
(52,229,229),
(53,231,231),
(54,235,235),
(55,238,238),
(56,241,241),
(57,245,245),
(58,265,265),
(59,279,279),
(60,290,290),
(61,2,2),
(62,13,13),
(63,42,42),
(64,48,48),
(65,53,53),
(66,54,54),
(67,61,61),
(68,66,66),
(69,69,69),
(70,71,71),
(71,76,76),
(72,84,84),
(73,87,87),
(74,106,106),
(75,110,110),
(76,131,131),
(77,150,150),
(78,152,152),
(79,157,157),
(80,178,178),
(81,181,181),
(82,186,186),
(83,189,189),
(84,201,201),
(85,202,202),
(86,210,210),
(87,213,213),
(88,228,228),
(89,280,280),
(90,287,287),
(91,6,6),
(92,10,10),
(93,16,16),
(94,20,20),
(95,26,26),
(96,28,28),
(97,49,49),
(98,55,55),
(99,68,68),
(100,109,109),
(101,119,119),
(102,132,132),
(103,143,143),
(104,145,145),
(105,160,160),
(106,163,163),
(107,166,166),
(108,173,173),
(109,192,192),
(110,195,195),
(111,199,199),
(112,206,206),
(113,212,212),
(114,215,215),
(115,218,218),
(116,222,222),
(117,230,230),
(118,262,262),
(119,268,268),
(120,270,270),
(121,14,14),
(122,37,37),
(123,45,45),
(124,52,52),
(125,67,67),
(126,81,81),
(127,95,95),
(128,149,149),
(129,155,155),
(130,176,176),
(131,183,183),
(132,185,185),
(133,187,187),
(134,190,190),
(135,200,200),
(136,209,209),
(137,217,217),
(138,233,233),
(139,243,243),
(140,248,248),
(141,257,257),
(142,258,258),
(143,271,271),
(144,273,273),
(145,283,283),
(146,291,291),
(147,21,21),
(148,23,23),
(149,25,25),
(150,38,38),
(151,39,39),
(152,65,65),
(153,74,74),
(154,78,78),
(155,102,102),
(156,117,117),
(157,118,118),
(158,126,126),
(159,133,133),
(160,134,134),
(161,165,165),
(162,174,174),
(163,179,179),
(164,193,193),
(165,236,236),
(166,237,237),
(167,256,256),
(168,260,260),
(169,266,266),
(170,275,275),
(171,278,278),
(172,285,285),
(173,288,288),
(174,289,289),
(175,1,1),
(176,3,3),
(177,7,7),
(178,15,15),
(179,19,19),
(180,35,35),
(181,36,36),
(182,86,86),
(183,92,92),
(184,97,97),
(185,103,103),
(186,115,115),
(187,130,130),
(188,142,142),
(189,154,154),
(190,156,156),
(191,169,169),
(192,177,177),
(193,182,182),
(194,203,203),
(195,204,204),
(196,220,220),
(197,223,223),
(198,224,224),
(199,242,242),
(200,250,250),
(201,253,253),
(202,282,282),
(203,292,292),
(204,11,11),
(205,32,32),
(206,40,40),
(207,47,47),
(208,58,58),
(209,62,62),
(210,72,72),
(211,91,91),
(212,93,93),
(213,94,94),
(214,99,99),
(215,100,100),
(216,101,101),
(217,128,128),
(218,139,139),
(219,146,146),
(220,147,147),
(221,167,167),
(222,170,170),
(223,172,172),
(224,191,191),
(225,194,194),
(226,205,205),
(227,207,207),
(228,225,225),
(229,254,254),
(230,255,255),
(231,281,281),
(232,286,286),
(233,17,17),
(234,34,34),
(235,41,41),
(236,46,46),
(237,57,57),
(238,59,59),
(239,70,70),
(240,73,73),
(241,77,77),
(242,82,82),
(243,83,83),
(244,88,88),
(245,96,96),
(246,104,104),
(247,108,108),
(248,112,112),
(249,114,114),
(250,127,127),
(251,129,129),
(252,135,135),
(253,138,138),
(254,140,140),
(255,144,144),
(256,153,153),
(257,168,168),
(258,240,240),
(259,251,251),
(260,261,261),
(261,274,274),
(262,277,277),
(263,8,8),
(264,18,18),
(265,43,43),
(266,44,44),
(267,63,63),
(268,64,64),
(269,80,80),
(270,90,90),
(271,107,107),
(272,123,123),
(273,136,136),
(274,148,148),
(275,151,151),
(276,161,161),
(277,171,171),
(278,184,184),
(279,197,197),
(280,208,208),
(281,234,234),
(282,239,239),
(283,244,244),
(284,247,247),
(285,249,249),
(286,252,252),
(287,259,259),
(288,263,263),
(289,264,264),
(290,272,272),
(291,276,276),
(292,284,284);
/*!40000 ALTER TABLE `batter` ENABLE KEYS */;
UNLOCK TABLES;

--
-- Table structure for table `batterposition`
--

DROP TABLE IF EXISTS `batterposition`;
/*!40101 SET @saved_cs_client     = @@character_set_client */;
/*!40101 SET character_set_client = utf8mb4 */;
CREATE TABLE `batterposition` (
  `id` bigint(20) NOT NULL AUTO_INCREMENT,
  `positioned_id` bigint(20) NOT NULL,
  `batterPosition` varchar(50) NOT NULL,
  PRIMARY KEY (`id`),
  KEY `positioned_id` (`positioned_id`),
  CONSTRAINT `batterposition_ibfk_1` FOREIGN KEY (`positioned_id`) REFERENCES `positioned` (`id`)
) ENGINE=InnoDB AUTO_INCREMENT=512 DEFAULT CHARSET=utf8mb4 COLLATE=utf8mb4_uca1400_ai_ci;
/*!40101 SET character_set_client = @saved_cs_client */;

--
-- Dumping data for table `batterposition`
--

LOCK TABLES `batterposition` WRITE;
/*!40000 ALTER TABLE `batterposition` DISABLE KEYS */;
INSERT INTO `batterposition` VALUES
(1,175,'2루수.3루수.1루수\r'),
(2,61,'포수\r'),
(3,176,'포수\r'),
(4,31,'유격수\r'),
(5,1,'3루수.2루수.1루수\r'),
(6,91,'1루수\r'),
(7,177,'포수\r'),
(8,263,'1루수\r'),
(9,32,'2루수.1루수.좌익수\r'),
(10,92,'3루수.2루수\r'),
(11,204,'3루수.유격수.2루수\r'),
(12,33,'투수\r'),
(13,62,'좌익수\r'),
(14,121,'1루수\r'),
(15,178,'유격수.2루수\r'),
(16,93,'좌익수\r'),
(17,233,'좌익수.중견수.우익수\r'),
(18,264,'투수\r'),
(19,179,'좌익수\r'),
(20,94,'포수\r'),
(21,147,'2루수.유격수.3루수.1루수\r'),
(22,2,'포수\r'),
(23,148,'투수\r'),
(24,3,'중견수.좌익수.우익수\r'),
(25,149,'3루수.유격수\r'),
(26,95,'좌익수\r'),
(27,4,'우익수.1루수\r'),
(28,96,'포수\r'),
(29,34,'좌익수.중견수.우익수\r'),
(30,5,'좌익수.1루수\r'),
(31,35,'3루수.2루수.1루수\r'),
(32,205,'1루수\r'),
(33,6,'1루수\r'),
(34,234,'좌익수\r'),
(35,180,'좌익수.우익수.중견수\r'),
(36,181,'2루수.유격수\r'),
(37,122,'투수\r'),
(38,150,'좌익수\r'),
(39,151,'2루수\r'),
(40,206,'포수\r'),
(41,235,'중견수.우익수\r'),
(42,63,'중견수.우익수.좌익수\r'),
(43,265,'3루수.2루수.유격수\r'),
(44,266,'3루수\r'),
(45,123,'투수\r'),
(46,236,'투수\r'),
(47,207,'2루수\r'),
(48,64,'3루수\r'),
(49,97,'1루수\r'),
(50,36,'투수\r'),
(51,7,'좌익수.우익수\r'),
(52,124,'1루수\r'),
(53,65,'포수\r'),
(54,66,'중견수\r'),
(55,98,'포수\r'),
(56,8,'좌익수\r'),
(57,237,'포수\r'),
(58,208,'2루수\r'),
(59,238,'유격수\r'),
(60,9,'유격수.2루수\r'),
(61,67,'중견수\r'),
(62,209,'투수\r'),
(63,267,'3루수.2루수.유격수\r'),
(64,268,'우익수.중견수\r'),
(65,152,'포수\r'),
(66,68,'좌익수.우익수.중견수\r'),
(67,125,'좌익수.1루수.우익수\r'),
(68,99,'유격수.2루수.3루수\r'),
(69,69,'우익수\r'),
(70,239,'3루수.2루수.유격수\r'),
(71,70,'우익수\r'),
(72,210,'좌익수.1루수\r'),
(73,240,'포수\r'),
(74,153,'중견수\r'),
(75,10,'투수\r'),
(76,71,'좌익수\r'),
(77,241,'3루수.1루수\r'),
(78,154,'우익수\r'),
(79,37,'1루수\r'),
(80,269,'투수\r'),
(81,126,'3루수\r'),
(82,242,'1루수\r'),
(83,243,'1루수.2루수.3루수.유격수\r'),
(84,72,'1루수\r'),
(85,38,'좌익수.우익수\r'),
(86,182,'우익수.좌익수.중견수\r'),
(87,73,'2루수.3루수.1루수\r'),
(88,244,'투수\r'),
(89,11,'포수\r'),
(90,270,'우익수.1루수\r'),
(91,211,'3루수.1루수\r'),
(92,183,'1루수\r'),
(93,212,'좌익수.우익수\r'),
(94,213,'3루수.1루수.우익수.좌익수\r'),
(95,127,'좌익수.중견수.3루수\r'),
(96,245,'우익수.중견수\r'),
(97,184,'2루수\r'),
(98,12,'유격수.3루수.2루수\r'),
(99,214,'우익수\r'),
(100,215,'포수\r'),
(101,216,'투수\r'),
(102,155,'2루수.유격수.3루수\r'),
(103,185,'유격수.2루수\r'),
(104,246,'2루수.1루수\r'),
(105,13,'포수\r'),
(106,74,'1루수\r'),
(107,271,'유격수\r'),
(108,247,'포수\r'),
(109,100,'중견수.좌익수.우익수\r'),
(110,75,'우익수.좌익수.중견수\r'),
(111,39,'유격수.2루수\r'),
(112,248,'우익수.중견수.좌익수\r'),
(113,14,'투수\r'),
(114,249,'중견수\r'),
(115,186,'투수\r'),
(116,40,'포수\r'),
(117,156,'중견수.좌익수\r'),
(118,157,'좌익수.중견수.우익수\r'),
(119,101,'좌익수.우익수.중견수.1루수\r'),
(120,15,'유격수.3루수.2루수\r'),
(121,16,'유격수.3루수\r'),
(122,41,'투수\r'),
(123,272,'3루수\r'),
(124,17,'중견수.유격수.3루수.1루수\r'),
(125,42,'투수\r'),
(126,158,'유격수\r'),
(127,250,'좌익수\r'),
(128,217,'중견수\r'),
(129,251,'투수\r'),
(130,187,'중견수\r'),
(131,76,'투수\r'),
(132,102,'좌익수.우익수\r'),
(133,159,'3루수.1루수\r'),
(134,160,'2루수.1루수.좌익수\r'),
(135,252,'1루수.3루수.2루수\r'),
(136,273,'3루수.2루수\r'),
(137,43,'포수\r'),
(138,253,'우익수.좌익수\r'),
(139,218,'1루수\r'),
(140,254,'투수\r'),
(141,44,'3루수\r'),
(142,188,'우익수\r'),
(143,103,'3루수.2루수\r'),
(144,255,'좌익수.1루수\r'),
(145,104,'2루수.3루수.유격수\r'),
(146,219,'좌익수.우익수.1루수.3루수.중견수\r'),
(147,220,'2루수.중견수\r'),
(148,274,'포수\r'),
(149,128,'유격수\r'),
(150,77,'2루수\r'),
(151,275,'3루수.유격수.2루수\r'),
(152,78,'2루수.유격수\r'),
(153,256,'포수\r'),
(154,189,'좌익수.우익수\r'),
(155,129,'2루수\r'),
(156,190,'우익수.중견수.좌익수\r'),
(157,79,'2루수.유격수.3루수.중견수\r'),
(158,18,'1루수\r'),
(159,19,'포수\r'),
(160,105,'유격수.3루수\r'),
(161,276,'좌익수\r'),
(162,20,'3루수.2루수\r'),
(163,106,'3루수\r'),
(164,21,'유격수.3루수.2루수.1루수\r'),
(165,161,'좌익수.1루수.우익수\r'),
(166,107,'유격수.3루수.1루수.2루수\r'),
(167,221,'1루수\r'),
(168,257,'1루수\r'),
(169,191,'2루수.1루수\r'),
(170,222,'유격수\r'),
(171,277,'좌익수.1루수.우익수.중견수\r'),
(172,223,'투수\r'),
(173,108,'좌익수.우익수.중견수\r'),
(174,162,'1루수.3루수.좌익수\r'),
(175,45,'포수\r'),
(176,130,'중견수\r'),
(177,192,'좌익수.중견수.우익수\r'),
(178,80,'투수\r'),
(179,163,'2루수.3루수.유격수\r'),
(180,46,'우익수.중견수\r'),
(181,81,'우익수.1루수.좌익수\r'),
(182,193,'1루수.유격수\r'),
(183,131,'2루수.유격수.1루수.3루수\r'),
(184,278,'투수\r'),
(185,132,'우익수\r'),
(186,82,'포수\r'),
(187,133,'중견수.우익수.좌익수\r'),
(188,22,'유격수.2루수\r'),
(189,83,'우익수.좌익수\r'),
(190,134,'2루수.유격수\r'),
(191,224,'2루수.1루수.3루수.유격수.우익수\r'),
(192,109,'중견수.좌익수\r'),
(193,164,'좌익수.우익수.중견수\r'),
(194,225,'투수\r'),
(195,110,'1루수\r'),
(196,23,'좌익수.유격수.우익수.3루수.2루수\r'),
(197,279,'포수\r'),
(198,47,'좌익수\r'),
(199,111,'3루수.유격수\r'),
(200,135,'포수\r'),
(201,84,'유격수\r'),
(202,85,'투수\r'),
(203,194,'1루수\r'),
(204,195,'3루수\r'),
(205,226,'포수\r'),
(206,112,'중견수\r'),
(207,227,'투수\r'),
(208,280,'포수\r'),
(209,136,'우익수.좌익수.중견수\r'),
(210,86,'1루수\r'),
(211,48,'2루수\r'),
(212,113,'좌익수.우익수\r'),
(213,87,'투수\r'),
(214,49,'유격수.2루수\r'),
(215,114,'중견수.좌익수.우익수\r'),
(216,24,'3루수\r'),
(217,137,'우익수\r'),
(218,115,'좌익수.1루수.우익수\r'),
(219,50,'중견수.우익수\r'),
(220,196,'포수\r'),
(221,25,'포수\r'),
(222,116,'중견수.좌익수.우익수\r'),
(223,197,'유격수.2루수.3루수\r'),
(224,198,'좌익수.중견수.우익수\r'),
(225,228,'투수\r'),
(226,26,'중견수.좌익수.우익수\r'),
(227,51,'유격수.3루수.2루수\r'),
(228,88,'3루수.2루수.1루수\r'),
(229,52,'좌익수\r'),
(230,117,'2루수.3루수.유격수.좌익수\r'),
(231,53,'포수\r'),
(232,27,'중견수\r'),
(233,138,'투수\r'),
(234,281,'2루수\r'),
(235,54,'투수\r'),
(236,165,'투수\r'),
(237,166,'우익수\r'),
(238,55,'투수\r'),
(239,282,'우익수.좌익수\r'),
(240,258,'3루수\r'),
(241,56,'1루수.좌익수\r'),
(242,199,'포수\r'),
(243,139,'투수\r'),
(244,283,'투수\r'),
(245,57,'우익수\r'),
(246,28,'중견수.좌익수.우익수\r'),
(247,284,'포수\r'),
(248,140,'1루수\r'),
(249,285,'좌익수.우익수.중견수\r'),
(250,200,'2루수.1루수\r'),
(251,259,'중견수.좌익수.우익수\r'),
(252,286,'우익수.중견수.좌익수\r'),
(253,201,'우익수.좌익수.중견수\r'),
(254,229,'우익수.좌익수\r'),
(255,230,'좌익수.중견수.우익수\r'),
(256,167,'중견수.우익수.좌익수\r'),
(257,141,'좌익수.우익수.중견수\r'),
(258,142,'포수\r'),
(259,287,'3루수\r'),
(260,168,'2루수\r'),
(261,260,'2루수.중견수.좌익수\r'),
(262,118,'1루수\r'),
(263,288,'좌익수.우익수\r'),
(264,289,'중견수\r'),
(265,58,'1루수.2루수\r'),
(266,169,'좌익수\r'),
(267,29,'중견수.좌익수.우익수.1루수\r'),
(268,119,'우익수.1루수\r'),
(269,30,'우익수.1루수\r'),
(270,120,'좌익수\r'),
(271,143,'중견수.좌익수\r'),
(272,290,'우익수\r'),
(273,144,'유격수\r'),
(274,261,'중견수.좌익수.우익수\r'),
(275,170,'포수\r'),
(276,291,'우익수.좌익수\r'),
(277,262,'1루수.좌익수.3루수\r'),
(278,171,'포수\r'),
(279,59,'2루수.유격수.3루수\r'),
(280,89,'좌익수.우익수.중견수\r'),
(281,231,'우익수\r'),
(282,202,'3루수\r'),
(283,145,'포수\r'),
(284,292,'1루수\r'),
(285,172,'2루수.3루수.유격수\r'),
(286,232,'우익수\r'),
(287,90,'좌익수.중견수\r'),
(288,173,'1루수\r'),
(289,174,'투수\r'),
(290,60,'중견수.좌익수\r'),
(291,146,'2루수\r'),
(292,203,'3루수.1루수.유격수\r');
/*!40000 ALTER TABLE `batterposition` ENABLE KEYS */;
UNLOCK TABLES;

--
-- Table structure for table `batterstats`
--

DROP TABLE IF EXISTS `batterstats`;
/*!40101 SET @saved_cs_client     = @@character_set_client */;
/*!40101 SET character_set_client = utf8mb4 */;
CREATE TABLE `batterstats` (
  `id` bigint(20) NOT NULL AUTO_INCREMENT,
  `AVG` decimal(4,3) DEFAULT NULL,
  `G` int(11) NOT NULL,
  `PA` int(11) DEFAULT NULL,
  `AB` int(11) DEFAULT NULL,
  `R` int(11) DEFAULT NULL,
  `H` int(11) DEFAULT NULL,
  `2B` int(11) DEFAULT NULL,
  `3B` int(11) DEFAULT NULL,
  `HR` int(11) DEFAULT NULL,
  `TB` int(11) DEFAULT NULL,
  `RBI` int(11) DEFAULT NULL,
  `SAC` int(11) DEFAULT NULL,
  `SF` int(11) DEFAULT NULL,
  `BB` int(11) DEFAULT NULL,
  `IBB` int(11) DEFAULT NULL,
  `HBP` int(11) DEFAULT NULL,
  `SO` int(11) DEFAULT NULL,
  `GDP` int(11) DEFAULT NULL,
  `SLG` decimal(4,3) DEFAULT NULL,
  `OBP` decimal(4,3) DEFAULT NULL,
  `MH` int(11) DEFAULT NULL,
  `RISP` decimal(4,3) DEFAULT NULL,
  `ops` decimal(4,3) DEFAULT NULL,
  `players_id` bigint(20) NOT NULL,
  PRIMARY KEY (`id`),
  KEY `batterstats_players_fk` (`players_id`),
  CONSTRAINT `batterstats_players_fk` FOREIGN KEY (`players_id`) REFERENCES `players` (`id`) ON UPDATE CASCADE
) ENGINE=InnoDB AUTO_INCREMENT=512 DEFAULT CHARSET=utf8mb4 COLLATE=utf8mb4_uca1400_ai_ci;
/*!40101 SET character_set_client = @saved_cs_client */;

--
-- Dumping data for table `batterstats`
--

LOCK TABLES `batterstats` WRITE;
/*!40000 ALTER TABLE `batterstats` DISABLE KEYS */;
INSERT INTO `batterstats` VALUES
(1,0.043,20,28,23,0,1,0,0,0,1,1,0,1,4,0,0,10,1,0.043,0.179,0,0.000,0.222,3),
(2,0.286,55,209,185,14,53,12,0,3,74,32,0,3,20,2,1,30,5,0.400,0.354,0,9.999,0.754,4),
(3,0.255,43,176,157,15,40,7,0,7,68,23,0,1,17,1,1,29,5,0.433,0.330,0,9.999,0.763,5),
(4,0.000,1,0,0,0,0,0,0,0,0,0,0,0,0,0,0,0,0,0.000,0.000,0,0.000,0.000,6),
(5,0.217,56,223,203,28,44,12,2,3,69,21,0,1,15,0,4,71,4,0.340,0.283,0,9.999,0.623,7),
(6,0.182,6,13,11,1,2,0,0,0,2,1,0,0,2,0,0,1,2,0.182,0.308,0,1.000,0.490,8),
(7,0.167,10,15,12,0,2,0,0,0,2,1,0,0,3,0,0,4,0,0.167,0.333,0,1.000,0.500,9),
(8,0.270,56,211,196,17,53,10,1,7,86,30,0,4,10,0,1,42,4,0.439,0.303,0,9.999,0.742,10),
(9,0.310,51,226,200,30,62,11,1,2,81,20,2,2,22,0,0,31,4,0.405,0.375,0,9.999,0.780,11),
(10,0.000,4,4,4,0,0,0,0,0,0,0,0,0,0,0,0,4,0,0.000,0.000,0,0.000,0.000,12),
(11,0.245,55,169,151,13,37,8,1,1,50,20,4,0,12,0,2,22,2,0.331,0.309,0,9.999,0.640,17),
(12,0.000,1,0,0,0,0,0,0,0,0,0,0,0,0,0,0,0,0,0.000,0.000,0,0.000,0.000,18),
(13,0.242,59,249,215,41,52,15,0,9,94,37,1,4,28,3,1,43,5,0.437,0.327,0,9.999,0.764,19),
(14,0.222,6,9,9,1,2,1,0,0,3,0,0,0,0,0,0,0,1,1.000,0.333,0,0.555,0.222,20),
(15,0.258,47,143,120,15,31,4,1,0,37,10,4,1,18,0,0,34,1,0.308,0.353,0,7.000,0.661,21),
(16,0.000,2,1,1,0,0,0,0,0,0,0,0,0,0,0,0,0,1,0.000,0.000,0,0.000,0.000,23),
(17,0.265,54,198,155,22,41,12,0,3,62,16,3,0,33,0,7,31,4,0.400,0.415,0,9.999,0.815,24),
(18,0.000,1,0,0,0,0,0,0,0,0,0,0,0,0,0,0,0,0,0.000,0.000,0,0.000,0.000,28),
(19,0.000,2,1,1,0,0,0,0,0,0,0,0,0,0,0,0,0,0,0.000,0.000,0,0.000,0.000,29),
(20,0.216,28,91,88,8,19,4,1,1,28,9,0,1,2,0,0,27,1,0.318,0.231,0,4.000,0.549,30),
(21,0.226,52,102,93,13,21,3,0,0,24,6,2,0,6,0,1,27,0,0.258,0.280,0,5.000,0.538,32),
(22,0.258,42,103,89,8,23,3,0,1,29,13,2,1,11,0,0,19,4,0.326,0.337,0,6.000,0.663,33),
(23,0.000,1,0,0,0,0,0,0,0,0,0,0,0,0,0,0,0,0,0.000,0.000,0,0.000,0.000,36),
(24,0.364,5,11,11,0,4,0,0,0,4,0,0,0,0,0,0,0,0,0.364,0.364,0,1.000,0.728,37),
(25,0.330,27,111,100,19,33,9,0,7,63,26,0,2,9,1,0,18,3,0.630,0.378,0,9.999,1.008,39),
(26,0.100,3,10,10,0,1,0,0,0,1,0,0,0,0,0,0,6,0,0.100,0.100,0,0.000,0.200,41),
(27,0.400,4,5,5,0,2,0,0,0,2,0,0,0,0,0,0,0,0,0.400,0.400,0,0.000,0.800,42),
(28,0.209,24,50,43,3,9,1,0,0,10,4,0,1,5,0,1,16,0,0.233,0.300,0,1.000,0.533,43),
(29,0.429,32,11,7,5,3,1,0,0,4,0,0,0,4,0,0,1,0,0.571,0.636,0,1.000,1.207,44),
(30,0.217,26,73,69,5,15,1,2,0,20,6,0,0,4,1,0,18,1,0.290,0.260,0,4.000,0.550,48),
(31,0.221,40,101,86,11,19,2,0,1,24,13,0,0,13,0,2,15,1,0.279,0.337,0,5.000,0.616,49),
(32,0.167,3,8,6,0,1,0,0,0,1,1,0,1,1,0,0,3,0,0.167,0.250,0,0.000,0.417,50),
(33,0.091,6,13,11,0,1,0,0,0,1,0,0,0,2,0,0,4,0,0.091,0.231,0,0.000,0.322,52),
(34,0.000,1,1,1,0,0,0,0,0,0,0,0,0,0,0,0,1,0,0.000,0.000,0,0.000,0.000,54),
(35,0.200,9,5,5,2,1,0,0,0,1,0,0,0,0,0,0,2,0,0.200,0.200,0,0.000,0.400,55),
(36,0.211,35,135,114,12,24,5,0,1,32,10,0,0,21,1,0,10,2,0.281,0.333,0,6.000,0.614,56),
(37,0.000,2,0,0,0,0,0,0,0,0,0,0,0,0,0,0,0,0,0.000,0.000,0,0.000,0.000,58),
(38,0.231,13,42,39,4,9,1,0,0,10,5,0,0,2,0,1,17,0,0.256,0.286,0,3.000,0.542,59),
(39,0.292,34,125,106,11,31,10,0,0,41,17,1,1,16,0,1,11,3,0.387,0.387,0,9.999,0.774,61),
(40,0.333,3,3,3,0,1,0,0,0,1,1,0,0,0,0,0,1,0,0.333,0.333,1,0.000,0.666,63),
(41,0.077,9,13,13,0,1,0,0,0,1,0,0,0,0,0,0,6,0,0.077,0.077,0,0.000,0.154,64),
(42,0.358,54,212,179,40,64,12,3,2,88,26,6,1,25,0,1,28,1,0.492,0.437,0,9.999,0.929,65),
(43,0.229,31,86,70,11,16,2,0,1,21,7,4,1,11,0,0,10,2,0.300,0.329,0,1.000,0.629,66),
(44,0.091,7,12,11,0,1,0,0,0,1,0,0,0,0,0,1,4,0,0.091,0.167,0,0.000,0.258,67),
(45,0.000,1,0,0,0,0,0,0,0,0,0,0,0,0,0,0,0,0,0.000,0.000,0,0.000,0.000,68),
(46,0.000,1,0,0,0,0,0,0,0,0,0,0,0,0,0,0,0,0,0.000,0.000,0,0.000,0.000,69),
(47,0.000,2,0,0,0,0,0,0,0,0,0,0,0,0,0,0,0,0,0.000,0.000,0,0.000,0.000,71),
(48,0.255,51,202,184,25,47,8,1,8,81,28,0,2,15,2,1,59,3,0.440,0.312,0,9.999,0.752,72),
(49,0.111,7,24,18,1,2,0,0,0,2,0,1,0,5,0,0,3,1,0.111,0.304,0,0.000,0.415,73),
(50,0.000,4,0,0,0,0,0,0,0,0,0,0,0,0,0,0,0,0,0.000,0.000,0,0.000,0.000,74),
(51,0.288,47,88,73,8,21,5,0,2,32,10,0,0,14,0,1,20,0,0.438,0.409,0,3.000,0.847,78),
(52,0.000,4,8,8,0,0,0,0,0,0,0,0,0,0,0,0,0,4,0.000,0.000,0,0.000,0.000,79),
(53,0.125,10,18,16,0,2,0,0,0,2,4,0,1,0,0,1,6,0,0.125,0.167,1,1.000,0.292,80),
(54,0.000,5,3,2,1,0,0,0,0,0,0,0,0,1,0,0,2,0,0.000,0.333,0,0.000,0.333,84),
(55,0.200,45,94,90,9,18,4,0,0,22,4,1,0,1,0,2,22,1,0.244,0.226,0,3.000,0.470,85),
(56,0.240,53,227,196,26,47,6,1,7,76,31,0,0,28,2,3,52,1,0.388,0.344,0,9.999,0.732,86),
(57,0.600,4,5,5,1,3,0,0,0,3,0,0,0,0,0,0,2,0,0.600,0.600,0,1.000,1.200,88),
(58,1.000,5,1,1,1,1,0,0,0,1,0,0,0,0,0,0,0,0,1.000,1.000,0,0.000,2.000,91),
(59,0.233,56,236,202,36,47,6,2,4,69,19,3,1,25,0,5,42,5,0.342,0.330,0,9.000,0.672,93),
(60,0.200,6,17,15,0,3,1,0,0,4,0,1,0,0,0,1,8,0,0.267,0.250,0,1.000,0.517,94),
(61,0.308,32,137,120,25,37,5,1,0,44,12,0,2,11,0,4,12,0,0.367,0.380,0,9.999,0.747,95),
(62,0.000,1,0,0,0,0,0,0,0,0,0,0,0,0,0,0,0,0,0.000,0.000,0,0.000,0.000,96),
(63,0.172,18,33,29,2,5,0,0,0,5,1,1,0,2,0,1,6,2,0.172,0.250,0,0.000,0.422,99),
(64,0.000,4,0,0,1,0,0,0,0,0,0,0,0,0,0,0,0,0,0.000,0.000,0,0.000,0.000,100),
(65,0.225,37,101,89,8,20,6,0,1,29,8,2,2,6,0,2,5,3,0.326,0.283,0,5.000,0.609,102),
(66,0.333,11,14,12,2,4,0,0,0,4,0,0,0,2,0,0,4,0,0.333,0.429,0,0.000,0.762,103),
(67,0.229,50,158,144,16,33,5,0,1,41,9,2,0,0,8,0,4,37,2.000,0.285,7,0.573,0.288,104),
(68,0.255,59,181,165,18,42,9,1,3,62,13,1,2,13,1,0,33,5,0.376,0.306,0,8.000,0.682,105),
(69,0.500,5,7,6,1,3,0,0,1,6,2,1,0,0,0,0,0,0,1.000,0.500,0,0.000,1.500,107),
(70,0.320,24,29,25,6,8,0,0,0,8,2,1,0,1,0,2,2,1,0.320,0.393,0,1.000,0.713,109),
(71,0.264,40,121,110,17,29,5,0,2,40,6,2,0,5,0,4,17,4,0.364,0.319,0,6.000,0.683,110),
(72,0.294,60,233,201,32,59,9,0,5,83,40,0,1,28,0,3,29,7,0.413,0.386,0,9.999,0.799,111),
(73,0.238,44,145,130,17,31,3,1,11,69,30,1,1,13,0,0,45,1,0.531,0.306,0,7.000,0.837,112),
(74,0.263,21,66,57,7,15,6,0,0,21,5,2,0,6,0,1,15,0,0.368,0.344,0,3.000,0.712,113),
(75,0.000,1,0,0,0,0,0,0,0,0,0,0,0,0,0,0,0,0,0.000,0.000,0,0.000,0.000,114),
(76,0.000,1,0,0,0,0,0,0,0,0,0,0,0,0,0,0,0,0,0.000,0.000,0,0.000,0.000,115),
(77,0.179,55,189,168,22,30,7,1,5,54,14,1,0,14,0,6,40,2,0.321,0.266,0,8.000,0.587,116),
(78,0.226,26,110,93,13,21,5,0,4,38,16,0,0,16,0,1,21,5,0.409,0.345,0,5.000,0.754,118),
(79,0.246,57,238,199,26,49,9,1,7,81,31,0,1,36,1,2,35,6,0.407,0.366,0,9.999,0.773,119),
(80,0.000,1,0,0,0,0,0,0,0,0,0,0,0,0,0,0,0,0,0.000,0.000,0,0.000,0.000,121),
(81,0.229,60,258,227,37,52,7,1,11,94,40,0,0,0,26,5,5,57,6.000,0.414,14,0.736,0.322,122),
(82,0.314,36,136,118,19,37,6,0,9,70,30,0,5,10,0,3,37,4,0.593,0.368,0,9.999,0.961,123),
(83,0.208,36,67,53,6,11,4,1,0,17,4,5,0,6,0,3,9,2,0.321,0.323,0,2.000,0.644,124),
(84,0.294,60,256,231,38,68,12,0,22,146,64,0,3,21,2,1,49,4,0.632,0.352,0,9.999,0.984,125),
(85,0.328,61,274,250,37,82,22,0,7,125,47,0,4,19,3,1,33,8,0.500,0.372,0,9.999,0.872,128),
(86,0.270,61,264,222,33,60,13,0,8,97,25,0,3,38,2,1,45,6,0.437,0.375,0,9.999,0.812,131),
(87,0.285,58,210,179,27,51,7,0,0,58,19,7,2,17,0,5,33,5,0.324,0.360,0,9.999,0.684,132),
(88,0.000,2,0,0,0,0,0,0,0,0,0,0,0,0,0,0,0,0,0.000,0.000,0,0.000,0.000,133),
(89,0.167,7,6,6,0,1,0,0,0,1,0,0,0,0,0,0,1,0,0.167,0.167,0,0.000,0.334,134),
(90,0.203,22,80,74,8,15,3,0,4,30,11,0,0,5,2,1,28,2,0.405,0.263,0,4.000,0.668,136),
(91,0.327,58,255,211,47,69,11,0,12,116,44,0,2,39,2,3,42,6,0.550,0.435,0,9.999,0.985,139),
(92,0.214,46,147,126,13,27,5,1,1,37,8,1,2,15,0,3,32,3,0.294,0.308,0,6.000,0.602,140),
(93,0.258,51,187,163,16,42,6,0,0,48,22,0,2,22,0,0,24,3,0.294,0.342,0,9.999,0.636,141),
(94,0.208,17,27,24,5,5,0,0,2,11,4,0,0,1,0,2,8,0,0.458,0.296,0,1.000,0.754,144),
(95,0.316,58,233,209,27,66,14,1,8,106,37,1,3,0,16,1,4,36,1.000,0.507,18,0.878,0.371,145),
(96,0.295,37,131,112,11,33,8,0,1,44,18,0,2,15,0,2,18,1,0.393,0.382,0,9.000,0.775,146),
(97,0.000,1,0,0,0,0,0,0,0,0,0,0,0,0,0,0,0,0,0.000,0.000,0,0.000,0.000,147),
(98,0.233,36,85,73,9,17,4,2,0,25,8,4,0,7,0,1,22,3,0.342,0.309,0,3.000,0.651,148),
(99,0.000,1,1,1,0,0,0,0,0,0,0,0,0,0,0,0,0,0,0.000,0.000,0,0.000,0.000,149),
(100,0.304,58,215,181,34,55,7,0,13,101,36,2,3,27,1,2,45,3,0.558,0.394,0,9.999,0.952,151),
(101,0.000,3,0,0,0,0,0,0,0,0,0,0,0,0,0,0,0,0,0.000,0.000,0,0.000,0.000,152),
(102,0.200,3,6,5,0,1,0,0,0,1,0,0,0,1,0,0,2,0,0.200,0.333,0,0.000,0.533,153),
(103,0.294,11,19,17,3,5,1,1,0,8,1,0,0,2,0,0,4,0,0.471,0.368,0,1.000,0.839,154),
(104,0.303,51,203,175,29,53,11,5,0,74,21,1,0,20,2,7,31,1,0.423,0.396,0,9.999,0.819,155),
(105,0.000,1,0,0,0,0,0,0,0,0,0,0,0,0,0,0,0,0,0.000,0.000,0,0.000,0.000,156),
(106,0.200,48,151,125,18,25,3,0,9,55,20,0,2,19,0,5,46,3,0.440,0.325,0,7.000,0.765,157),
(107,0.221,57,239,199,27,44,10,0,3,63,18,2,1,35,1,2,47,1,0.317,0.342,0,7.000,0.659,159),
(108,0.130,30,59,54,5,7,1,0,2,14,7,0,1,4,0,0,20,3,0.259,0.186,0,1.000,0.445,161),
(109,0.143,11,15,14,2,2,0,0,1,5,2,0,0,1,0,0,5,0,0.357,0.200,0,0.000,0.557,163),
(110,0.414,9,31,29,6,12,3,0,0,15,1,0,0,2,0,0,9,1,0.517,0.452,0,3.000,0.969,164),
(111,0.158,17,22,19,1,3,1,0,0,4,0,1,0,1,0,1,7,0,0.211,0.238,0,1.000,0.449,165),
(112,0.205,37,50,44,11,9,2,0,1,14,2,1,0,5,0,0,15,0,0.318,0.286,0,0.000,0.604,167),
(113,0.000,1,0,0,0,0,0,0,0,0,0,0,0,0,0,0,0,0,0.000,0.000,0,0.000,0.000,169),
(114,0.250,14,5,4,8,1,0,0,0,1,1,0,0,1,0,0,2,0,0.250,0.400,1,0.000,0.650,170),
(115,0.000,1,0,0,0,0,0,0,0,0,0,0,0,0,0,0,0,0,0.000,0.000,0,0.000,0.000,171),
(116,0.500,2,2,2,0,1,1,0,0,2,0,0,0,0,0,0,1,0,1.000,0.500,0,0.000,1.500,173),
(117,0.100,26,32,30,6,3,1,0,0,4,0,0,0,2,0,0,12,0,0.133,0.156,0,0.000,0.289,174),
(118,0.280,38,61,50,11,14,2,0,0,16,4,0,0,9,0,2,11,1,0.320,0.410,0,1.000,0.730,176),
(119,0.188,50,109,96,7,18,3,0,2,27,9,1,2,9,0,1,37,2,0.281,0.259,0,3.000,0.540,180),
(120,0.286,15,16,14,0,4,0,0,0,4,1,0,1,1,0,0,4,0,0.286,0.313,0,1.000,0.599,181),
(121,0.225,41,126,111,9,25,8,0,1,36,10,1,1,10,0,3,32,1,0.324,0.304,0,6.000,0.628,182),
(122,0.000,1,0,0,0,0,0,0,0,0,0,0,0,0,0,0,0,0,0.000,0.000,0,0.000,0.000,183),
(123,0.167,18,54,48,3,8,0,0,0,8,4,2,1,3,0,0,16,1,0.167,0.212,0,1.000,0.379,184),
(124,0.167,25,8,6,3,1,0,0,0,1,0,1,0,0,0,1,2,1,0.167,0.286,0,0.000,0.453,185),
(125,0.000,1,0,0,0,0,0,0,0,0,0,0,0,0,0,0,0,0,0.000,0.000,0,0.000,0.000,186),
(126,0.264,49,219,182,26,48,8,0,1,59,14,6,2,29,0,0,22,3,0.324,0.362,0,9.999,0.686,188),
(127,0.118,8,19,17,2,2,0,0,2,8,3,0,0,2,0,0,8,0,0.471,0.211,0,0.000,0.682,190),
(128,0.234,60,232,184,30,43,6,2,0,53,12,11,1,33,0,3,50,5,0.288,0.357,0,9.999,0.645,191),
(129,0.000,1,0,0,0,0,0,0,0,0,0,0,0,0,0,0,0,0,0.000,0.000,0,0.000,0.000,194),
(130,0.199,57,152,136,13,27,6,2,1,40,13,4,2,7,0,3,37,2,0.294,0.250,0,4.000,0.544,195),
(131,0.000,1,0,0,0,0,0,0,0,0,0,0,0,0,0,0,0,0,0.000,0.000,0,0.000,0.000,196),
(132,0.250,9,17,16,2,4,1,0,0,5,2,0,1,0,0,0,2,0,0.313,0.235,0,0.000,0.548,199),
(133,0.215,40,132,121,9,26,7,0,0,33,16,0,0,10,0,1,40,3,0.273,0.280,0,7.000,0.553,200),
(134,0.136,10,26,22,1,3,1,0,1,7,2,2,0,2,0,0,5,1,0.318,0.208,0,0.000,0.526,201),
(135,0.294,39,115,102,6,30,4,0,1,37,12,5,2,4,0,2,17,2,0.363,0.327,0,5.000,0.690,203),
(136,0.222,7,10,9,0,2,0,0,0,2,0,0,0,1,0,0,4,0,0.222,0.300,1,0.000,0.522,204),
(137,0.143,10,9,7,2,1,0,0,1,4,2,1,0,0,0,1,3,0,0.571,0.250,0,0.000,0.821,209),
(138,0.320,47,168,150,15,48,9,3,0,63,24,1,1,16,2,0,22,1,0.420,0.383,0,9.999,0.803,210),
(139,0.200,2,5,5,0,1,0,0,0,1,0,0,0,0,0,0,0,2,0.200,0.200,0,0.000,0.400,211),
(140,0.000,2,0,0,0,0,0,0,0,0,0,0,0,0,0,0,0,0,0.000,0.000,0,0.000,0.000,213),
(141,0.261,44,175,153,13,40,3,0,2,49,19,5,2,11,0,4,32,7,0.320,0.324,0,9.999,0.644,215),
(142,0.000,1,0,0,0,0,0,0,0,0,0,0,0,0,0,0,0,0,0.000,0.000,0,0.000,0.000,217),
(143,0.278,63,273,245,35,68,15,0,9,110,34,0,1,27,1,0,38,2,0.449,0.348,0,9.999,0.797,218),
(144,0.143,8,7,7,0,1,0,0,0,1,0,0,0,0,0,0,3,0,0.143,0.143,0,0.000,0.286,220),
(145,0.143,10,28,28,0,4,0,0,0,4,0,0,0,0,0,0,5,0,0.143,0.143,0,0.000,0.286,224),
(146,0.226,50,141,124,13,28,8,1,3,47,19,1,1,8,0,7,41,3,0.379,0.307,0,6.000,0.686,225),
(147,0.244,51,153,127,20,31,1,0,0,32,15,2,0,23,0,1,14,1,0.252,0.364,0,7.000,0.616,226),
(148,0.190,20,27,21,1,4,0,0,1,7,3,0,0,5,0,1,4,0,0.333,0.370,0,0.000,0.703,228),
(149,0.170,33,101,94,10,16,3,1,1,24,9,3,0,0,3,0,1,21,0.000,0.255,2,0.459,0.204,230),
(150,0.208,18,29,24,7,5,0,0,0,5,1,1,0,4,0,0,8,0,0.208,0.321,0,2.000,0.529,231),
(151,0.288,37,87,80,14,23,3,1,0,28,3,1,0,6,0,0,31,1,0.350,0.337,0,8.000,0.687,232),
(152,0.214,6,15,14,1,3,0,0,0,3,0,0,0,1,0,0,4,1,0.214,0.267,0,0.000,0.481,233),
(153,0.059,9,20,17,1,1,1,0,0,2,4,0,0,2,0,1,3,0,0.118,0.200,0,0.000,0.318,234),
(154,0.000,16,13,8,1,0,0,0,0,0,2,1,1,2,0,1,5,1,0.000,0.250,0,0.000,0.250,235),
(155,0.086,23,76,70,0,6,0,0,0,6,6,0,0,0,6,1,0,17,1.000,0.086,0,0.244,0.158,236),
(156,0.311,32,135,119,20,37,7,3,9,77,31,0,0,13,0,3,22,1,0.647,0.393,0,9.000,1.040,237),
(157,0.345,48,71,55,10,19,2,0,0,21,5,5,1,9,0,1,10,3,0.382,0.439,0,5.000,0.821,240),
(158,0.260,56,232,204,27,53,13,0,6,84,23,0,3,20,0,5,60,6,0.412,0.336,0,9.999,0.748,241),
(159,0.317,57,235,199,27,63,12,0,9,102,37,0,3,30,2,3,32,4,0.513,0.409,0,9.999,0.922,242),
(160,0.242,41,103,95,14,23,1,0,1,27,7,0,1,6,0,1,23,3,0.284,0.291,0,4.000,0.575,247),
(161,0.286,15,66,56,6,16,1,0,1,20,7,0,1,8,2,1,8,2,0.357,0.379,0,3.000,0.736,249),
(162,0.000,7,2,2,4,0,0,0,0,0,0,0,0,0,0,0,0,1,0.000,0.000,0,0.000,0.000,251),
(163,0.190,11,24,21,2,4,0,0,1,7,1,0,0,3,0,0,9,2,0.333,0.292,0,0.000,0.625,252),
(164,0.274,43,150,135,16,37,7,2,1,51,20,0,1,13,0,1,31,1,0.378,0.340,0,9.999,0.718,253),
(165,0.321,40,142,131,25,42,8,0,5,65,18,0,0,11,0,0,41,3,0.496,0.373,0,9.999,0.869,255),
(166,0.241,47,95,83,7,20,4,0,1,27,12,3,0,6,0,3,23,2,0.325,0.315,0,4.000,0.640,256),
(167,0.310,55,232,197,44,61,9,0,17,121,47,0,4,31,3,0,30,6,0.614,0.397,0,9.999,1.011,257),
(168,0.250,13,35,32,2,8,1,0,2,15,8,0,0,3,0,0,13,0,0.469,0.314,0,2.000,0.783,259),
(169,0.211,28,67,57,9,12,3,0,0,15,6,4,0,4,0,2,15,1,0.263,0.286,0,2.000,0.549,261),
(170,0.224,58,201,174,23,39,10,0,6,67,26,5,4,15,0,3,51,1,0.385,0.291,0,9.999,0.676,262),
(171,0.188,48,121,101,12,19,4,0,2,29,13,3,0,16,0,1,34,1,0.287,0.305,0,7.000,0.592,263),
(172,0.000,2,0,0,0,0,0,0,0,0,0,0,0,0,0,0,0,0,0.000,0.000,0,0.000,0.000,266),
(173,0.174,10,25,23,2,4,1,0,1,8,3,0,0,2,0,0,8,0,0.348,0.240,0,1.000,0.588,269),
(174,0.265,38,162,136,27,36,9,0,10,75,30,0,2,23,1,1,41,1,0.551,0.370,0,9.999,0.921,273),
(175,0.295,52,159,129,22,38,9,0,4,59,19,2,2,18,0,8,36,6,0.457,0.408,0,8.000,0.865,274),
(176,0.000,5,2,2,0,0,0,0,0,0,0,0,0,0,0,0,0,1,0.000,0.000,0,0.000,0.000,275),
(177,0.042,18,29,24,5,1,0,0,0,1,3,0,0,5,0,0,9,0,0.042,0.207,0,0.000,0.249,278),
(178,0.000,1,0,0,0,0,0,0,0,0,0,0,0,0,0,0,0,0,0.000,0.000,0,0.000,0.000,279),
(179,0.349,13,48,43,10,15,3,0,4,30,9,0,0,4,0,1,7,0,0.698,0.417,0,5.000,1.115,280),
(180,0.302,52,214,182,34,55,10,0,4,77,29,1,4,26,1,1,36,7,0.423,0.385,0,9.999,0.808,281),
(181,0.189,23,43,37,3,7,1,0,0,8,3,0,2,4,0,0,16,1,0.216,0.256,0,2.000,0.472,285),
(182,0.067,17,16,15,2,1,1,0,0,2,0,1,0,0,0,0,4,0,0.133,0.067,0,0.000,0.200,286),
(183,0.221,45,105,95,10,21,3,2,0,28,18,3,1,0,5,0,1,18,2.000,0.295,2,0.560,0.265,290),
(184,0.000,1,0,0,0,0,0,0,0,0,0,0,0,0,0,0,0,0,0.000,0.000,0,0.000,0.000,291),
(185,0.000,3,4,4,0,0,0,0,0,0,0,0,0,0,0,0,0,1,1.000,0.000,0,0.000,0.000,293),
(186,0.087,20,25,23,1,2,0,0,0,2,0,0,0,1,0,1,5,0,0.087,0.160,0,0.000,0.247,294),
(187,0.400,21,6,5,5,2,1,0,0,3,1,1,0,0,0,0,0,1,0.000,0.600,0,1.000,0.400,298),
(188,0.000,2,4,4,0,0,0,0,0,0,0,0,0,0,0,0,0,0,0.000,0.000,0,0.000,0.000,299),
(189,0.163,24,60,49,5,8,1,1,1,14,6,1,1,7,0,2,24,1,0.286,0.288,0,1.000,0.574,300),
(190,1.000,4,1,1,1,1,0,1,0,3,1,0,0,1,0,0,0,0,0.000,3.000,0,4.000,1.000,302),
(191,0.234,27,49,47,8,11,1,0,3,21,4,1,0,1,0,0,20,0,0.447,0.250,0,1.000,0.697,303),
(192,0.207,9,33,29,5,6,1,0,0,7,0,1,0,3,0,0,6,1,0.241,0.281,0,2.000,0.522,305),
(193,0.234,51,166,145,11,34,10,1,2,52,15,0,1,18,0,2,34,3,0.359,0.325,0,8.000,0.684,307),
(194,0.000,1,0,0,0,0,0,0,0,0,0,0,0,0,0,0,0,0,0.000,0.000,0,0.000,0.000,308),
(195,0.200,3,6,5,1,1,0,0,0,1,0,0,0,1,0,0,2,1,0.200,0.333,0,0.000,0.533,309),
(196,0.300,12,33,30,6,9,1,1,0,12,4,0,0,3,0,0,6,2,0.400,0.364,1,2.000,0.764,310),
(197,0.000,1,1,1,0,0,0,0,0,0,0,0,0,0,0,0,1,0,0.000,0.000,0,0.000,0.000,311),
(198,0.000,3,0,0,0,0,0,0,0,0,0,0,0,0,0,0,0,0,0.000,0.000,0,0.000,0.000,312),
(199,0.500,2,2,2,0,1,0,0,0,1,0,0,0,0,0,0,1,0,0.500,0.500,0,0.000,1.000,313),
(200,0.200,53,78,70,1,14,0,1,0,16,5,1,2,0,5,0,0,17,2.000,0.229,1,0.476,0.247,314),
(201,0.236,59,242,195,35,46,8,0,6,72,27,3,4,36,1,4,56,3,0.369,0.360,0,7.000,0.729,315),
(202,0.000,1,0,0,0,0,0,0,0,0,0,0,0,0,0,0,0,0,0.000,0.000,0,0.000,0.000,316),
(203,0.000,1,0,0,0,0,0,0,0,0,0,0,0,0,0,0,0,0,0.000,0.000,0,0.000,0.000,317),
(204,0.111,2,9,9,0,1,0,0,0,1,0,0,0,0,0,0,4,0,0.111,0.111,0,0.000,0.222,318),
(205,0.250,27,54,40,9,10,1,0,2,17,4,0,0,9,0,5,12,0,0.425,0.444,0,2.000,0.869,319),
(206,0.238,48,184,160,18,38,6,0,5,59,13,0,0,15,0,9,50,2,0.369,0.337,0,9.999,0.706,320),
(207,0.000,1,0,0,0,0,0,0,0,0,0,0,0,0,0,0,0,0,0.000,0.000,0,0.000,0.000,324),
(208,0.253,29,95,87,7,22,3,1,1,30,7,2,1,4,0,1,8,2,0.345,0.290,0,7.000,0.635,325),
(209,0.287,49,174,150,23,43,8,0,5,66,19,0,2,0,20,0,2,39,3.000,0.440,9,0.814,0.374,326),
(210,0.273,7,13,11,2,3,1,0,1,7,2,0,0,2,0,0,5,0,0.636,0.385,0,0.000,1.021,327),
(211,0.000,1,1,1,0,0,0,0,0,0,0,0,0,0,0,0,1,0,0.000,0.000,0,0.000,0.000,329),
(212,0.206,30,79,68,4,14,3,0,2,23,6,2,0,8,0,1,22,3,0.338,0.299,0,1.000,0.637,332),
(213,0.000,1,0,0,0,0,0,0,0,0,0,0,0,0,0,0,0,0,0.000,0.000,0,0.000,0.000,333),
(214,0.238,50,75,63,11,15,3,4,0,26,8,1,1,7,0,3,17,1,0.413,0.338,0,4.000,0.751,334),
(215,0.235,31,85,81,5,19,3,1,0,24,7,0,1,3,0,0,20,2,0.296,0.259,0,4.000,0.555,336),
(216,0.266,25,69,64,4,17,3,0,1,23,8,0,1,3,0,1,18,0,0.359,0.304,0,4.000,0.663,339),
(217,0.167,17,35,30,2,5,1,0,1,9,2,0,0,0,5,0,0,13,0.000,0.300,1,0.586,0.286,340),
(218,0.239,21,52,46,6,11,1,0,1,15,3,0,0,6,0,0,19,1,0.326,0.327,0,1.000,0.653,341),
(219,0.283,54,147,127,26,36,2,0,0,38,18,6,2,10,0,2,30,3,0.299,0.340,0,9.999,0.639,345),
(220,0.235,58,217,179,17,42,7,0,5,64,25,1,5,32,1,0,42,4,0.358,0.343,0,8.000,0.701,346),
(221,0.000,4,2,2,0,0,0,0,0,0,0,0,0,0,0,0,0,1,0.000,0.000,0,0.000,0.000,347),
(222,0.143,10,16,14,1,2,0,0,0,2,2,0,0,2,0,0,7,0,0.143,0.250,0,0.000,0.393,348),
(223,0.222,17,50,45,4,10,2,0,0,12,5,2,0,3,0,0,7,1,0.267,0.271,0,4.000,0.538,350),
(224,0.206,21,35,34,4,7,2,1,0,11,5,0,0,1,0,0,11,0,0.324,0.229,0,2.000,0.553,351),
(225,0.000,1,0,0,0,0,0,0,0,0,0,0,0,0,0,0,0,0,0.000,0.000,0,0.000,0.000,352),
(226,0.000,13,8,8,2,0,0,0,0,0,0,0,0,0,0,0,0,1,0.000,0.000,0,0.000,0.000,354),
(227,0.374,46,175,155,26,58,10,0,3,77,22,7,1,10,0,2,29,2,0.497,0.417,0,9.999,0.914,355),
(228,0.200,25,40,30,5,6,1,0,1,10,3,0,0,9,0,1,14,1,0.333,0.400,0,1.000,0.733,356),
(229,0.292,60,257,219,28,64,16,1,4,94,33,3,4,25,1,6,38,6,0.429,0.374,0,9.999,0.803,361),
(230,0.221,38,106,95,10,21,3,0,0,24,3,2,0,9,0,0,31,1,0.253,0.288,0,3.000,0.541,363),
(231,0.228,47,87,79,3,18,3,1,1,26,11,1,0,6,1,1,16,4,0.329,0.291,0,2.000,0.620,366),
(232,0.260,58,249,208,37,54,5,0,3,68,17,2,2,32,1,5,21,4,0.327,0.368,0,9.999,0.695,367),
(233,0.000,1,0,0,0,0,0,0,0,0,0,0,0,0,0,0,0,0,0.000,0.000,0,0.000,0.000,368),
(234,0.220,57,201,173,25,38,5,1,0,45,12,5,0,23,0,0,46,3,0.260,0.311,0,7.000,0.571,370),
(235,0.000,1,0,0,0,0,0,0,0,0,0,0,0,0,0,0,0,0,0.000,0.000,0,0.000,0.000,371),
(236,0.000,1,0,0,0,0,0,0,0,0,0,0,0,0,0,0,0,0,0.000,0.000,0,0.000,0.000,372),
(237,0.067,9,18,15,4,1,0,0,0,1,0,0,0,3,0,0,4,3,0.067,0.222,0,0.000,0.289,373),
(238,0.000,1,0,0,0,0,0,0,0,0,0,0,0,0,0,0,0,0,0.000,0.000,0,0.000,0.000,374),
(239,0.500,3,2,2,0,1,1,0,0,2,0,0,0,0,0,0,0,0,1.000,0.500,0,0.000,1.500,375),
(240,0.000,4,6,6,0,0,0,0,0,0,0,0,0,0,0,0,1,0,0.000,0.000,0,0.000,0.000,377),
(241,0.229,41,112,105,9,24,7,0,1,34,8,0,0,7,0,0,23,4,0.324,0.277,0,4.000,0.601,378),
(242,0.182,20,14,11,1,2,1,0,0,3,1,1,0,2,0,0,2,0,0.273,0.308,1,0.000,0.581,379),
(243,0.000,1,0,0,0,0,0,0,0,0,0,0,0,0,0,0,0,0,0.000,0.000,0,0.000,0.000,380),
(244,0.000,2,0,0,0,0,0,0,0,0,0,0,0,0,0,0,0,0,0.000,0.000,0,0.000,0.000,381),
(245,0.000,7,5,5,0,0,0,0,0,0,0,0,0,0,0,0,4,0,0.000,0.000,0,0.000,0.000,383),
(246,0.230,45,72,61,12,14,1,0,0,15,3,5,0,6,0,0,17,1,0.246,0.299,0,4.000,0.545,384),
(247,0.252,38,116,107,10,27,1,0,2,34,12,1,1,5,0,2,18,1,0.318,0.296,0,4.000,0.614,387),
(248,0.284,60,237,215,25,61,15,1,9,105,31,1,0,0,16,1,5,52,1.000,0.488,16,0.835,0.347,391),
(249,0.192,18,30,26,3,5,1,1,0,8,6,0,1,3,0,0,8,1,0.308,0.267,0,1.000,0.575,392),
(250,0.196,28,69,56,8,11,5,1,0,18,7,0,0,9,0,4,9,1,0.321,0.348,0,2.000,0.669,393),
(251,0.263,54,135,118,22,31,3,2,3,47,14,2,2,9,0,4,26,0,0.398,0.331,0,7.000,0.729,394),
(252,0.143,23,9,7,5,1,0,0,0,1,1,0,0,1,0,1,5,0,0.143,0.333,0,0.000,0.476,398),
(253,0.067,22,17,15,2,1,0,0,0,1,0,1,0,1,0,0,5,0,0.067,0.125,0,0.000,0.192,399),
(254,0.000,2,1,1,0,0,0,0,0,0,0,0,0,0,0,0,0,0,0.000,0.000,0,0.000,0.000,401),
(255,0.316,50,21,19,17,6,2,0,0,8,1,0,1,0,0,1,4,1,0.421,0.333,0,0.000,0.754,405),
(256,0.204,41,150,137,18,28,3,0,4,43,15,0,0,11,0,2,27,1,0.314,0.273,0,5.000,0.587,406),
(257,0.236,38,81,72,4,17,3,0,1,23,8,1,0,0,7,0,1,14,4.000,0.319,3,0.632,0.313,408),
(258,0.280,48,131,93,12,26,5,0,0,31,12,4,4,0,20,0,10,13,1.000,0.333,7,0.774,0.441,409),
(259,0.213,27,115,94,19,20,3,0,9,50,26,0,1,16,2,4,26,5,0.532,0.348,0,5.000,0.880,410),
(260,0.167,4,6,6,0,1,0,0,0,1,0,0,0,0,0,0,2,1,0.167,0.167,0,0.000,0.334,411),
(261,0.250,22,35,28,7,7,1,0,0,8,2,2,0,2,0,3,5,0,0.286,0.364,0,3.000,0.650,412),
(262,0.284,59,248,222,23,63,14,1,4,91,31,0,4,19,0,3,32,3,0.410,0.343,0,9.999,0.753,414),
(263,0.208,46,134,101,15,21,0,0,3,30,21,2,4,25,0,2,32,1,0.297,0.364,0,4.000,0.661,416),
(264,0.296,59,258,233,33,69,9,3,2,90,20,1,4,18,1,2,44,0,0.386,0.346,0,9.999,0.732,420),
(265,0.000,4,2,2,0,0,0,0,0,0,0,0,0,0,0,0,1,0,0.000,0.000,0,0.000,0.000,422),
(266,0.340,55,230,194,33,66,18,1,10,116,37,0,2,32,3,2,34,4,0.598,0.435,0,9.999,1.033,424),
(267,0.250,21,60,56,6,14,2,1,1,21,5,1,0,2,0,1,10,2,0.375,0.288,0,2.000,0.663,425),
(268,0.238,53,222,189,21,45,8,1,5,70,25,0,2,25,1,6,43,6,0.370,0.342,0,9.999,0.712,427),
(269,0.288,52,234,215,27,62,9,1,4,85,26,0,3,14,1,2,51,1,0.395,0.333,0,9.999,0.728,428),
(270,0.212,40,172,156,17,33,2,0,6,53,20,0,0,12,0,4,38,1,0.340,0.285,0,9.000,0.625,433),
(271,0.273,60,266,242,36,66,17,2,8,111,26,0,1,0,23,2,0,62,2.000,0.459,20,0.794,0.335,434),
(272,0.167,8,25,24,2,4,0,0,1,7,3,0,0,1,0,0,12,0,0.292,0.200,0,0.000,0.492,436),
(273,0.296,26,91,81,12,24,5,0,0,29,10,3,0,0,5,0,2,23,1.000,0.358,7,0.710,0.352,437),
(274,0.224,35,103,85,15,19,4,0,3,32,17,4,1,8,0,5,17,1,0.376,0.323,0,6.000,0.699,439),
(275,0.222,12,20,18,3,4,1,0,0,5,0,0,0,1,0,1,6,1,0.278,0.300,0,1.000,0.578,440),
(276,0.265,57,221,196,24,52,14,0,4,78,27,1,0,22,2,2,55,1,0.398,0.345,0,9.999,0.743,442),
(277,0.185,16,31,27,2,5,0,0,0,5,4,0,0,2,0,2,14,0,0.185,0.290,0,0.000,0.475,444),
(278,0.198,39,110,96,10,19,5,0,2,30,9,0,3,11,1,0,20,0,0.313,0.273,0,4.000,0.586,445),
(279,0.385,31,15,13,10,5,2,0,0,7,1,0,0,2,0,0,4,0,0.538,0.467,1,0.000,1.005,446),
(280,0.000,1,1,1,0,0,0,0,0,0,0,0,0,0,0,0,0,0,0.000,0.000,0,0.000,0.000,448),
(281,0.200,12,28,25,2,5,2,0,0,7,2,0,1,2,0,0,5,1,0.280,0.250,0,1.000,0.530,449),
(282,0.263,37,156,137,14,36,3,0,1,42,10,0,1,16,1,2,18,8,0.307,0.346,0,9.999,0.653,450),
(283,1.000,2,1,1,0,1,1,0,0,2,1,0,0,1,0,0,0,0,0.000,2.000,0,3.000,1.000,451),
(284,0.150,7,23,20,1,3,1,0,0,4,3,0,0,3,0,0,8,0,0.200,0.261,0,0.000,0.461,453),
(285,0.182,29,54,44,8,8,0,0,0,8,1,3,1,6,0,0,12,1,0.182,0.275,0,1.000,0.457,457),
(286,0.269,38,169,134,24,36,3,0,1,42,15,2,3,24,0,6,35,4,0.313,0.395,0,8.000,0.708,458),
(287,0.000,3,1,1,0,0,0,0,0,0,0,0,0,0,0,0,1,0,0.000,0.000,0,0.000,0.000,459),
(288,0.200,7,29,25,1,5,2,0,0,7,5,0,1,3,0,0,5,0,0.280,0.276,0,2.000,0.556,461),
(289,0.000,2,0,0,0,0,0,0,0,0,0,0,0,0,0,0,0,0,0.000,0.000,0,0.000,0.000,463),
(290,0.324,28,121,111,18,36,3,1,0,41,12,1,0,7,0,2,14,1,0.369,0.375,0,9.999,0.744,464),
(291,0.239,54,173,155,24,37,9,0,1,49,9,1,1,0,16,0,0,22,2.000,0.316,9,0.624,0.308,465),
(292,0.311,53,202,180,24,56,9,0,2,71,20,1,1,18,1,2,36,0,0.394,0.378,0,9.999,0.772,466);
/*!40000 ALTER TABLE `batterstats` ENABLE KEYS */;
UNLOCK TABLES;

--
-- Table structure for table `batterstatsfilter`
--

DROP TABLE IF EXISTS `batterstatsfilter`;
/*!40101 SET @saved_cs_client     = @@character_set_client */;
/*!40101 SET character_set_client = utf8mb4 */;
CREATE TABLE `batterstatsfilter` (
  `id` bigint(20) NOT NULL AUTO_INCREMENT,
  `batter_id` bigint(20) NOT NULL,
  `user_id` bigint(20) NOT NULL,
  `name` varchar(20) NOT NULL,
  `createAt` datetime NOT NULL DEFAULT current_timestamp(),
  PRIMARY KEY (`id`),
  KEY `batter_id` (`batter_id`),
  KEY `user_id` (`user_id`),
  CONSTRAINT `batterstatsfilter_ibfk_1` FOREIGN KEY (`batter_id`) REFERENCES `batter` (`id`),
  CONSTRAINT `batterstatsfilter_ibfk_2` FOREIGN KEY (`user_id`) REFERENCES `user` (`id`)
) ENGINE=InnoDB DEFAULT CHARSET=utf8mb4 COLLATE=utf8mb4_uca1400_ai_ci;
/*!40101 SET character_set_client = @saved_cs_client */;

--
-- Dumping data for table `batterstatsfilter`
--

LOCK TABLES `batterstatsfilter` WRITE;
/*!40000 ALTER TABLE `batterstatsfilter` DISABLE KEYS */;
/*!40000 ALTER TABLE `batterstatsfilter` ENABLE KEYS */;
UNLOCK TABLES;

--
-- Table structure for table `batterstatsfiltercondition`
--

DROP TABLE IF EXISTS `batterstatsfiltercondition`;
/*!40101 SET @saved_cs_client     = @@character_set_client */;
/*!40101 SET character_set_client = utf8mb4 */;
CREATE TABLE `batterstatsfiltercondition` (
  `id` bigint(20) NOT NULL AUTO_INCREMENT,
  `batterStatsFilter_id` bigint(20) NOT NULL,
  `statColName` varchar(20) NOT NULL,
  `operator` enum('=','!=','>','<','>=','<=') DEFAULT NULL,
  `value` varchar(20) NOT NULL,
  `valueType` enum('int','float','string') NOT NULL,
  PRIMARY KEY (`id`),
  KEY `batterStatsFilter_id` (`batterStatsFilter_id`),
  CONSTRAINT `batterstatsfiltercondition_ibfk_1` FOREIGN KEY (`batterStatsFilter_id`) REFERENCES `batterstatsfilter` (`id`)
) ENGINE=InnoDB DEFAULT CHARSET=utf8mb4 COLLATE=utf8mb4_uca1400_ai_ci;
/*!40101 SET character_set_client = @saved_cs_client */;

--
-- Dumping data for table `batterstatsfiltercondition`
--

LOCK TABLES `batterstatsfiltercondition` WRITE;
/*!40000 ALTER TABLE `batterstatsfiltercondition` DISABLE KEYS */;
/*!40000 ALTER TABLE `batterstatsfiltercondition` ENABLE KEYS */;
UNLOCK TABLES;

--
-- Table structure for table `fanteam`
--

DROP TABLE IF EXISTS `fanteam`;
/*!40101 SET @saved_cs_client     = @@character_set_client */;
/*!40101 SET character_set_client = utf8mb4 */;
CREATE TABLE `fanteam` (
  `id` bigint(20) NOT NULL AUTO_INCREMENT,
  `user_id` bigint(20) NOT NULL,
  `name` varchar(30) NOT NULL,
  `has_fanTeam` enum('Y','N') DEFAULT 'N',
  PRIMARY KEY (`id`),
  UNIQUE KEY `name` (`name`),
  KEY `user_id` (`user_id`),
  CONSTRAINT `fanteam_ibfk_1` FOREIGN KEY (`user_id`) REFERENCES `user` (`id`)
) ENGINE=InnoDB DEFAULT CHARSET=utf8mb4 COLLATE=utf8mb4_uca1400_ai_ci;
/*!40101 SET character_set_client = @saved_cs_client */;

--
-- Dumping data for table `fanteam`
--

LOCK TABLES `fanteam` WRITE;
/*!40000 ALTER TABLE `fanteam` DISABLE KEYS */;
/*!40000 ALTER TABLE `fanteam` ENABLE KEYS */;
UNLOCK TABLES;

--
-- Table structure for table `fanteammember`
--

DROP TABLE IF EXISTS `fanteammember`;
/*!40101 SET @saved_cs_client     = @@character_set_client */;
/*!40101 SET character_set_client = utf8mb4 */;
CREATE TABLE `fanteammember` (
  `id` bigint(20) NOT NULL AUTO_INCREMENT,
  `players_id` bigint(20) NOT NULL,
  `fanteam_id` bigint(20) NOT NULL,
  PRIMARY KEY (`id`),
  UNIQUE KEY `unique_players_fanteam` (`players_id`,`fanteam_id`),
  KEY `fanteam_id` (`fanteam_id`),
  CONSTRAINT `fanteammember_ibfk_1` FOREIGN KEY (`players_id`) REFERENCES `players` (`id`),
  CONSTRAINT `fanteammember_ibfk_2` FOREIGN KEY (`fanteam_id`) REFERENCES `fanteam` (`id`)
) ENGINE=InnoDB DEFAULT CHARSET=utf8mb4 COLLATE=utf8mb4_uca1400_ai_ci;
/*!40101 SET character_set_client = @saved_cs_client */;

--
-- Dumping data for table `fanteammember`
--

LOCK TABLES `fanteammember` WRITE;
/*!40000 ALTER TABLE `fanteammember` DISABLE KEYS */;
/*!40000 ALTER TABLE `fanteammember` ENABLE KEYS */;
UNLOCK TABLES;

--
-- Table structure for table `favoritelist`
--

DROP TABLE IF EXISTS `favoritelist`;
/*!40101 SET @saved_cs_client     = @@character_set_client */;
/*!40101 SET character_set_client = utf8mb4 */;
CREATE TABLE `favoritelist` (
  `id` bigint(20) NOT NULL AUTO_INCREMENT,
  `user_id` bigint(20) NOT NULL,
  `name` varchar(30) NOT NULL,
  PRIMARY KEY (`id`),
  KEY `user_id` (`user_id`),
  CONSTRAINT `favoritelist_ibfk_1` FOREIGN KEY (`user_id`) REFERENCES `user` (`id`)
) ENGINE=InnoDB DEFAULT CHARSET=utf8mb4 COLLATE=utf8mb4_uca1400_ai_ci;
/*!40101 SET character_set_client = @saved_cs_client */;

--
-- Dumping data for table `favoritelist`
--

LOCK TABLES `favoritelist` WRITE;
/*!40000 ALTER TABLE `favoritelist` DISABLE KEYS */;
/*!40000 ALTER TABLE `favoritelist` ENABLE KEYS */;
UNLOCK TABLES;

--
-- Table structure for table `favoriteplayers`
--

DROP TABLE IF EXISTS `favoriteplayers`;
/*!40101 SET @saved_cs_client     = @@character_set_client */;
/*!40101 SET character_set_client = utf8mb4 */;
CREATE TABLE `favoriteplayers` (
  `id` bigint(20) NOT NULL AUTO_INCREMENT,
  `players_id` bigint(20) NOT NULL,
  `favoriteList_id` bigint(20) NOT NULL,
  PRIMARY KEY (`id`),
  KEY `players_id` (`players_id`),
  KEY `favoriteList_id` (`favoriteList_id`),
  CONSTRAINT `favoriteplayers_ibfk_1` FOREIGN KEY (`players_id`) REFERENCES `players` (`id`),
  CONSTRAINT `favoriteplayers_ibfk_2` FOREIGN KEY (`favoriteList_id`) REFERENCES `favoritelist` (`id`)
) ENGINE=InnoDB DEFAULT CHARSET=utf8mb4 COLLATE=utf8mb4_uca1400_ai_ci;
/*!40101 SET character_set_client = @saved_cs_client */;

--
-- Dumping data for table `favoriteplayers`
--

LOCK TABLES `favoriteplayers` WRITE;
/*!40000 ALTER TABLE `favoriteplayers` DISABLE KEYS */;
/*!40000 ALTER TABLE `favoriteplayers` ENABLE KEYS */;
UNLOCK TABLES;

--
-- Table structure for table `leagueteam`
--

DROP TABLE IF EXISTS `leagueteam`;
/*!40101 SET @saved_cs_client     = @@character_set_client */;
/*!40101 SET character_set_client = utf8mb4 */;
CREATE TABLE `leagueteam` (
  `id` bigint(20) NOT NULL AUTO_INCREMENT,
  `name` varchar(30) NOT NULL,
  `region` varchar(30) NOT NULL,
  `stadium` varchar(50) NOT NULL,
  `foundedYear` year(4) NOT NULL,
  PRIMARY KEY (`id`)
) ENGINE=InnoDB AUTO_INCREMENT=12 DEFAULT CHARSET=utf8mb4 COLLATE=utf8mb4_uca1400_ai_ci;
/*!40101 SET character_set_client = @saved_cs_client */;

--
-- Dumping data for table `leagueteam`
--

LOCK TABLES `leagueteam` WRITE;
/*!40000 ALTER TABLE `leagueteam` DISABLE KEYS */;
INSERT INTO `leagueteam` VALUES
(2,'LG','서울','서울종합운동장 야구장',1982),
(3,'롯데','부산','사직야구장',1975),
(4,'KIA','광주','광주기아챔피언스필드',1982),
(5,'삼성','대구','대구삼성라이온즈파크',1982),
(6,'두산','서울','서울종합운동장 야구장',1982),
(7,'키움','서울','고척스카이돔',2008),
(8,'SSG','인천','인천SSG랜더스필드',2000),
(9,'KT','수원','수원케이티위즈파크',2013),
(10,'한화','대전','대전한화생명이글스파크',1986),
(11,'NC','창원','창원NC파크',2011);
/*!40000 ALTER TABLE `leagueteam` ENABLE KEYS */;
UNLOCK TABLES;

--
-- Table structure for table `pitcher`
--

DROP TABLE IF EXISTS `pitcher`;
/*!40101 SET @saved_cs_client     = @@character_set_client */;
/*!40101 SET character_set_client = utf8mb4 */;
CREATE TABLE `pitcher` (
  `id` bigint(20) NOT NULL AUTO_INCREMENT,
  `pitcherPosition_id` bigint(20) NOT NULL,
  `pitcherStats_id` bigint(20) NOT NULL,
  PRIMARY KEY (`id`),
  KEY `pitcherPosition_id` (`pitcherPosition_id`),
  KEY `pitcherStats_id` (`pitcherStats_id`),
  CONSTRAINT `pitcher_ibfk_1` FOREIGN KEY (`pitcherPosition_id`) REFERENCES `pitcherposition` (`id`),
  CONSTRAINT `pitcher_ibfk_2` FOREIGN KEY (`pitcherStats_id`) REFERENCES `pitcherstats` (`id`)
) ENGINE=InnoDB AUTO_INCREMENT=256 DEFAULT CHARSET=utf8mb4 COLLATE=utf8mb4_uca1400_ai_ci;
/*!40101 SET character_set_client = @saved_cs_client */;

--
-- Dumping data for table `pitcher`
--

LOCK TABLES `pitcher` WRITE;
/*!40000 ALTER TABLE `pitcher` DISABLE KEYS */;
INSERT INTO `pitcher` VALUES
(1,4,4),
(2,6,6),
(3,16,16),
(4,18,18),
(5,25,25),
(6,31,31),
(7,39,39),
(8,58,58),
(9,63,63),
(10,84,84),
(11,113,113),
(12,128,128),
(13,145,145),
(14,148,148),
(15,152,152),
(16,154,154),
(17,155,155),
(18,161,161),
(19,170,170),
(20,1,1),
(21,9,9),
(22,35,35),
(23,40,40),
(24,53,53),
(25,54,54),
(26,55,55),
(27,62,62),
(28,64,64),
(29,79,79),
(30,103,103),
(31,108,108),
(32,136,136),
(33,153,153),
(34,168,168),
(35,171,171),
(36,14,14),
(37,30,30),
(38,43,43),
(39,67,67),
(40,78,78),
(41,86,86),
(42,91,91),
(43,99,99),
(44,111,111),
(45,112,112),
(46,126,126),
(47,135,135),
(48,151,151),
(49,174,174),
(50,176,176),
(51,21,21),
(52,22,22),
(53,23,23),
(54,24,24),
(55,27,27),
(56,45,45),
(57,57,57),
(58,59,59),
(59,61,61),
(60,74,74),
(61,75,75),
(62,82,82),
(63,85,85),
(64,90,90),
(65,98,98),
(66,102,102),
(67,106,106),
(68,107,107),
(69,116,116),
(70,124,124),
(71,133,133),
(72,137,137),
(73,139,139),
(74,142,142),
(75,164,164),
(76,7,7),
(77,20,20),
(78,32,32),
(79,46,46),
(80,48,48),
(81,52,52),
(82,88,88),
(83,94,94),
(84,97,97),
(85,109,109),
(86,119,119),
(87,143,143),
(88,163,163),
(89,166,166),
(90,175,175),
(91,5,5),
(92,10,10),
(93,12,12),
(94,15,15),
(95,19,19),
(96,41,41),
(97,70,70),
(98,87,87),
(99,93,93),
(100,100,100),
(101,104,104),
(102,105,105),
(103,115,115),
(104,120,120),
(105,121,121),
(106,127,127),
(107,130,130),
(108,138,138),
(109,156,156),
(110,172,172),
(111,2,2),
(112,3,3),
(113,29,29),
(114,50,50),
(115,71,71),
(116,72,72),
(117,92,92),
(118,95,95),
(119,96,96),
(120,110,110),
(121,118,118),
(122,132,132),
(123,140,140),
(124,141,141),
(125,144,144),
(126,149,149),
(127,162,162),
(128,169,169),
(129,8,8),
(130,26,26),
(131,33,33),
(132,34,34),
(133,65,65),
(134,66,66),
(135,69,69),
(136,73,73),
(137,76,76),
(138,89,89),
(139,101,101),
(140,125,125),
(141,157,157),
(142,159,159),
(143,160,160),
(144,13,13),
(145,28,28),
(146,36,36),
(147,37,37),
(148,38,38),
(149,42,42),
(150,44,44),
(151,47,47),
(152,80,80),
(153,81,81),
(154,114,114),
(155,117,117),
(156,122,122),
(157,123,123),
(158,129,129),
(159,147,147),
(160,150,150),
(161,167,167),
(162,11,11),
(163,17,17),
(164,49,49),
(165,51,51),
(166,56,56),
(167,60,60),
(168,68,68),
(169,77,77),
(170,83,83),
(171,131,131),
(172,134,134),
(173,146,146),
(174,158,158),
(175,165,165),
(176,173,173);
/*!40000 ALTER TABLE `pitcher` ENABLE KEYS */;
UNLOCK TABLES;

--
-- Table structure for table `pitcherposition`
--

DROP TABLE IF EXISTS `pitcherposition`;
/*!40101 SET @saved_cs_client     = @@character_set_client */;
/*!40101 SET character_set_client = utf8mb4 */;
CREATE TABLE `pitcherposition` (
  `id` bigint(20) NOT NULL AUTO_INCREMENT,
  `positioned_id` bigint(20) NOT NULL,
  `pitcherposition` varchar(50) NOT NULL,
  PRIMARY KEY (`id`),
  KEY `positioned_id` (`positioned_id`),
  CONSTRAINT `pitcherposition_ibfk_1` FOREIGN KEY (`positioned_id`) REFERENCES `positioned` (`id`)
) ENGINE=InnoDB AUTO_INCREMENT=256 DEFAULT CHARSET=utf8mb4 COLLATE=utf8mb4_uca1400_ai_ci;
/*!40101 SET character_set_client = @saved_cs_client */;

--
-- Dumping data for table `pitcherposition`
--

LOCK TABLES `pitcherposition` WRITE;
/*!40000 ALTER TABLE `pitcherposition` DISABLE KEYS */;
INSERT INTO `pitcherposition` VALUES
(1,312,'선발투수\r'),
(2,403,'선발투수\r'),
(3,404,'선발투수\r'),
(4,293,'불펜투수\r'),
(5,383,'불펜투수\r'),
(6,294,'선발투수\r'),
(7,368,'불펜투수\r'),
(8,421,'불펜투수\r'),
(9,313,'불펜투수\r'),
(10,384,'불펜투수\r'),
(11,454,'선발투수\r'),
(12,385,'불펜투수\r'),
(13,436,'선발투수\r'),
(14,328,'선발투수\r'),
(15,386,'선발투수\r'),
(16,295,'불펜투수\r'),
(17,455,'불펜투수\r'),
(18,296,'불펜투수\r'),
(19,387,'불펜투수\r'),
(20,369,'불펜투수\r'),
(21,343,'선발투수\r'),
(22,344,'선발투수\r'),
(23,345,'불펜투수\r'),
(24,346,'선발투수\r'),
(25,297,'선발투수\r'),
(26,422,'불펜투수\r'),
(27,347,'선발투수\r'),
(28,437,'불펜투수\r'),
(29,405,'불펜투수\r'),
(30,329,'불펜투수\r'),
(31,298,'불펜투수\r'),
(32,370,'불펜투수\r'),
(33,423,'불펜투수\r'),
(34,424,'선발투수\r'),
(35,314,'선발투수\r'),
(36,438,'불펜투수\r'),
(37,439,'선발투수\r'),
(38,440,'불펜투수\r'),
(39,299,'불펜투수\r'),
(40,315,'선발투수\r'),
(41,388,'선발투수\r'),
(42,441,'선발투수\r'),
(43,330,'선발투수\r'),
(44,442,'선발투수\r'),
(45,348,'선발투수\r'),
(46,371,'선발투수\r'),
(47,443,'선발투수\r'),
(48,372,'선발투수\r'),
(49,456,'선발투수\r'),
(50,406,'불펜투수\r'),
(51,457,'불펜투수\r'),
(52,373,'불펜투수\r'),
(53,316,'선발투수\r'),
(54,317,'불펜투수\r'),
(55,318,'불펜투수\r'),
(56,458,'불펜투수\r'),
(57,349,'불펜투수\r'),
(58,300,'불펜투수\r'),
(59,350,'불펜투수\r'),
(60,459,'선발투수\r'),
(61,351,'불펜투수\r'),
(62,319,'불펜투수\r'),
(63,301,'불펜투수\r'),
(64,320,'선발투수\r'),
(65,425,'불펜투수\r'),
(66,426,'불펜투수\r'),
(67,331,'선발투수\r'),
(68,460,'불펜투수\r'),
(69,427,'불펜투수\r'),
(70,389,'불펜투수\r'),
(71,407,'선발투수\r'),
(72,408,'불펜투수\r'),
(73,428,'선발투수\r'),
(74,352,'불펜투수\r'),
(75,353,'불펜투수\r'),
(76,429,'선발투수\r'),
(77,461,'선발투수\r'),
(78,332,'불펜투수\r'),
(79,321,'불펜투수\r'),
(80,444,'선발투수\r'),
(81,445,'불펜투수\r'),
(82,354,'선발투수\r'),
(83,462,'선발투수\r'),
(84,302,'불펜투수\r'),
(85,355,'불펜투수\r'),
(86,333,'선발투수\r'),
(87,390,'선발투수\r'),
(88,374,'선발투수\r'),
(89,430,'선발투수\r'),
(90,356,'불펜투수\r'),
(91,334,'불펜투수\r'),
(92,409,'선발투수\r'),
(93,391,'선발투수\r'),
(94,375,'선발투수\r'),
(95,410,'불펜투수\r'),
(96,411,'불펜투수\r'),
(97,376,'불펜투수\r'),
(98,357,'불펜투수\r'),
(99,335,'선발투수\r'),
(100,392,'불펜투수\r'),
(101,431,'불펜투수\r'),
(102,358,'불펜투수\r'),
(103,322,'선발투수\r'),
(104,393,'선발투수\r'),
(105,394,'불펜투수\r'),
(106,359,'선발투수\r'),
(107,360,'불펜투수\r'),
(108,323,'선발투수\r'),
(109,377,'선발투수\r'),
(110,412,'불펜투수\r'),
(111,336,'불펜투수\r'),
(112,337,'불펜투수\r'),
(113,303,'불펜투수\r'),
(114,446,'선발투수\r'),
(115,395,'불펜투수\r'),
(116,361,'불펜투수\r'),
(117,447,'선발투수\r'),
(118,413,'불펜투수\r'),
(119,378,'불펜투수\r'),
(120,396,'불펜투수\r'),
(121,397,'불펜투수\r'),
(122,448,'불펜투수\r'),
(123,449,'불펜투수\r'),
(124,362,'불펜투수\r'),
(125,432,'선발투수\r'),
(126,338,'불펜투수\r'),
(127,398,'불펜투수\r'),
(128,304,'선발투수\r'),
(129,450,'불펜투수\r'),
(130,399,'불펜투수\r'),
(131,463,'선발투수\r'),
(132,414,'불펜투수\r'),
(133,363,'선발투수\r'),
(134,464,'선발투수\r'),
(135,339,'불펜투수\r'),
(136,324,'불펜투수\r'),
(137,364,'선발투수\r'),
(138,400,'불펜투수\r'),
(139,365,'선발투수\r'),
(140,415,'선발투수\r'),
(141,416,'불펜투수\r'),
(142,366,'불펜투수\r'),
(143,379,'불펜투수\r'),
(144,417,'불펜투수\r'),
(145,305,'선발투수\r'),
(146,465,'불펜투수\r'),
(147,451,'선발투수\r'),
(148,306,'선발투수\r'),
(149,418,'불펜투수\r'),
(150,452,'불펜투수\r'),
(151,340,'불펜투수\r'),
(152,307,'불펜투수\r'),
(153,325,'불펜투수\r'),
(154,308,'선발투수\r'),
(155,309,'불펜투수\r'),
(156,401,'불펜투수\r'),
(157,433,'선발투수\r'),
(158,466,'불펜투수\r'),
(159,434,'선발투수\r'),
(160,435,'선발투수\r'),
(161,310,'선발투수\r'),
(162,419,'선발투수\r'),
(163,380,'선발투수\r'),
(164,367,'선발투수\r'),
(165,467,'불펜투수\r'),
(166,381,'불펜투수\r'),
(167,453,'불펜투수\r'),
(168,326,'선발투수\r'),
(169,420,'선발투수\r'),
(170,311,'선발투수\r'),
(171,327,'불펜투수\r'),
(172,402,'불펜투수\r'),
(173,468,'선발투수\r'),
(174,341,'선발투수\r'),
(175,382,'선발투수\r'),
(176,342,'선발투수\r');
/*!40000 ALTER TABLE `pitcherposition` ENABLE KEYS */;
UNLOCK TABLES;

--
-- Table structure for table `pitcherstats`
--

DROP TABLE IF EXISTS `pitcherstats`;
/*!40101 SET @saved_cs_client     = @@character_set_client */;
/*!40101 SET character_set_client = utf8mb4 */;
CREATE TABLE `pitcherstats` (
  `id` bigint(20) NOT NULL AUTO_INCREMENT,
  `ERA` decimal(5,3) DEFAULT NULL,
  `G` int(11) NOT NULL,
  `W` int(11) DEFAULT NULL,
  `L` int(11) DEFAULT NULL,
  `SV` int(11) DEFAULT NULL,
  `HLD` int(11) DEFAULT NULL,
  `WLCT` decimal(4,3) DEFAULT NULL,
  `IP` varchar(10) DEFAULT NULL,
  `H` int(11) DEFAULT NULL,
  `HR` int(11) DEFAULT NULL,
  `BB` int(11) DEFAULT NULL,
  `HBP` int(11) DEFAULT NULL,
  `SO` int(11) DEFAULT NULL,
  `R` int(11) DEFAULT NULL,
  `ER` int(11) DEFAULT NULL,
  `WHIP` varchar(10) DEFAULT NULL,
  `CG` int(11) DEFAULT NULL,
  `SHO` int(11) DEFAULT NULL,
  `QS` int(11) DEFAULT NULL,
  `BSV` int(11) DEFAULT NULL,
  `TBF` int(11) DEFAULT NULL,
  `NP` int(11) DEFAULT NULL,
  `AVG` decimal(4,3) DEFAULT NULL,
  `2B` int(11) DEFAULT NULL,
  `3B` int(11) DEFAULT NULL,
  `SAC` int(11) DEFAULT NULL,
  `SF` int(11) DEFAULT NULL,
  `IBB` int(11) DEFAULT NULL,
  `WP` int(11) DEFAULT NULL,
  `BK` int(11) DEFAULT NULL,
  `players_id` bigint(20) NOT NULL,
  PRIMARY KEY (`id`),
  KEY `pitcherstats_players_fk` (`players_id`),
  CONSTRAINT `pitcherstats_players_fk` FOREIGN KEY (`players_id`) REFERENCES `players` (`id`) ON UPDATE CASCADE
) ENGINE=InnoDB AUTO_INCREMENT=256 DEFAULT CHARSET=utf8mb4 COLLATE=utf8mb4_uca1400_ai_ci;
/*!40101 SET character_set_client = @saved_cs_client */;

--
-- Dumping data for table `pitcherstats`
--

LOCK TABLES `pitcherstats` WRITE;
/*!40000 ALTER TABLE `pitcherstats` DISABLE KEYS */;
INSERT INTO `pitcherstats` VALUES
(1,3.090,2,1,1,0,0,0.500,'11 2/3',7,0,2,2,15,4,4,'0.77',0,0,1,0,47,188,0.163,0,0,0,0,0,1,0,1),
(2,12.000,1,0,1,0,0,0.000,'3',2,0,5,0,0,4,4,'2.33',0,0,0,0,16,67,0.250,0,0,2,1,0,0,0,2),
(3,3.040,11,4,4,0,0,0.500,'68',74,2,13,4,70,28,23,'1.28',1,1,8,0,289,1037,0.278,15,0,1,5,1,4,1,13),
(4,6.970,17,0,1,0,3,0.000,'10 1/3',14,2,6,0,6,8,8,'1.94',0,0,0,0,48,200,0.341,1,0,1,0,0,3,0,14),
(5,13.500,9,0,0,0,3,0.000,'4',3,0,6,2,5,6,6,'2.25',0,0,0,1,22,99,0.214,0,0,0,0,0,1,0,15),
(6,9.000,1,0,1,0,0,0.000,'3',1,0,4,1,6,3,3,'1.67',0,0,0,0,15,66,0.111,1,0,0,1,0,2,0,16),
(7,8.440,5,0,0,0,0,0.000,'5 1/3',5,1,7,0,4,5,5,'2.25',0,0,0,0,28,129,0.250,1,0,0,1,0,0,0,22),
(8,1.460,12,1,0,1,4,1.000,'12 1/3',7,0,8,1,9,2,2,'1.22',0,0,0,0,51,182,0.167,1,0,0,0,0,0,0,25),
(9,3.730,29,1,2,0,0,0.333,'31 1/3',26,3,13,3,21,17,13,'1.24',0,0,0,0,137,570,0.218,5,0,1,1,0,1,0,26),
(10,7.530,11,0,0,0,0,0.000,'14 1/3',18,2,9,1,11,12,12,'1.88',0,0,0,1,70,265,0.310,2,0,0,2,0,3,0,27),
(11,3.910,13,4,6,0,0,0.400,'71 1/3',73,6,23,3,71,36,31,'1.35',0,0,5,0,309,1212,0.262,13,1,3,1,1,2,0,31),
(12,3.860,4,0,0,0,0,0.000,'2 1/3',6,0,2,0,0,1,1,'3.43',0,0,0,0,14,56,0.500,2,0,0,0,0,1,0,34),
(13,5.090,5,0,0,0,1,0.000,'17 2/3',14,1,11,0,9,10,10,'1.42',0,0,0,0,78,290,0.209,2,1,0,0,0,0,0,35),
(14,6.430,3,0,0,0,0,0.000,'7',8,1,10,1,6,6,5,'2.57',0,0,0,0,40,147,0.308,0,0,1,2,0,0,0,38),
(15,3.360,11,2,3,0,0,0.400,'61 2/3',65,5,17,4,36,30,23,'1.33',0,0,5,0,269,1008,0.269,15,1,3,3,0,3,1,40),
(16,5.400,8,0,0,0,0,0.000,'8 1/3',13,0,3,1,6,8,5,'1.92',0,0,0,0,43,202,0.342,3,1,0,1,0,1,0,45),
(17,4.850,31,1,1,0,9,0.500,'26',29,3,7,3,25,16,14,'1.38',0,0,0,4,114,396,0.284,5,0,2,0,1,3,0,46),
(18,0.000,6,1,0,0,0,1.000,'6 2/3',4,0,4,3,5,0,0,'1.2',0,0,0,0,31,141,0.174,1,0,0,1,0,0,0,47),
(19,0.000,1,0,0,0,0,0.000,'2',2,0,0,0,1,0,0,'1',0,0,0,0,8,21,0.250,0,0,0,0,0,0,0,51),
(20,2.570,25,0,0,1,2,0.000,'14',11,0,6,1,18,6,4,'1.21',0,0,0,0,61,249,0.208,2,0,1,0,0,0,0,53),
(21,20.250,4,0,0,0,0,0.000,'5 1/3',14,2,5,0,4,12,12,'3.56',0,0,0,0,34,123,0.500,5,0,0,1,0,1,0,57),
(22,5.270,19,1,5,0,0,0.167,'41',49,3,26,8,25,27,24,'1.83',0,0,0,0,203,755,0.297,9,0,2,2,0,1,0,60),
(23,4.430,24,0,2,0,1,0.000,'20 1/3',18,1,10,3,12,12,10,'1.38',0,0,0,1,88,317,0.243,2,3,0,1,0,0,0,62),
(24,5.560,12,1,2,0,0,0.333,'34',42,5,13,5,18,22,21,'1.62',0,0,0,0,159,612,0.304,10,1,0,3,0,0,0,70),
(25,9.000,5,0,2,0,0,0.000,'13',13,2,11,3,14,13,13,'1.85',0,0,0,0,64,288,0.260,1,0,0,0,0,1,0,75),
(26,12.460,6,0,0,0,0,0.000,'4 1/3',8,0,4,1,5,6,6,'2.77',0,0,0,0,26,108,0.400,3,0,1,0,0,0,0,76),
(27,6.590,12,0,9,0,0,0.000,'57 1/3',79,8,29,2,32,52,42,'1.88',0,0,3,0,280,1108,0.324,14,1,2,3,0,2,0,77),
(28,6.100,21,0,0,0,2,0.000,'20 2/3',30,4,14,1,14,15,14,'2.13',0,0,0,0,104,374,0.353,6,1,2,2,1,2,0,81),
(29,10.800,3,0,0,0,0,0.000,'3 1/3',2,0,7,1,3,4,4,'2.7',0,0,0,0,19,83,0.182,0,0,0,0,0,3,0,82),
(30,6.390,27,2,3,5,2,0.400,'25 1/3',25,5,5,0,18,18,18,'1.18',0,0,0,2,103,411,0.258,4,1,0,1,0,0,0,83),
(31,3.380,4,0,0,0,0,0.000,'5 1/3',7,0,2,1,4,3,2,'1.69',0,0,0,0,28,91,0.304,0,0,2,0,0,1,0,87),
(32,3.270,25,1,4,0,2,0.200,'22',20,0,14,4,22,9,8,'1.55',0,0,0,0,100,391,0.247,7,0,1,0,0,0,1,89),
(33,5.400,2,0,0,0,0,0.000,'1 2/3',2,2,0,0,2,3,1,'1.2',0,0,0,0,7,31,0.286,0,0,0,0,0,0,0,90),
(34,27.000,1,0,1,0,0,0.000,'01월 03일',0,0,2,2,1,1,1,'6',0,0,0,0,5,23,0.000,0,0,0,0,0,0,0,92),
(35,8.510,10,1,3,0,0,0.250,'24 1/3',31,7,14,1,23,24,23,'1.85',0,0,1,1,115,461,0.320,5,0,2,1,0,0,0,97),
(36,3.600,28,1,0,0,6,1.000,'25',15,2,16,2,24,10,10,'1.24',0,0,0,0,105,446,0.172,1,0,0,0,1,4,1,98),
(37,12.460,3,0,0,0,1,0.000,'4 1/3',8,2,6,1,5,12,6,'3.23',0,0,0,0,29,126,0.381,3,0,1,0,1,1,0,101),
(38,10.130,4,0,0,0,1,0.000,'2 2/3',4,1,3,2,1,3,3,'2.63',0,0,0,0,15,63,0.400,1,0,0,0,0,1,0,106),
(39,2.890,25,0,0,8,0,0.000,'28',18,3,9,1,34,13,9,'0.96',0,0,0,3,112,475,0.184,2,0,3,1,0,3,0,108),
(40,4.940,11,0,3,0,0,0.000,'54 2/3',64,6,30,2,41,35,30,'1.72',0,0,2,0,259,1015,0.286,8,0,2,1,0,3,0,117),
(41,2.770,13,4,1,0,0,0.800,'78',70,2,20,9,71,24,24,'1.15',0,0,8,0,322,1191,0.243,12,1,3,2,0,2,0,120),
(42,3.310,12,7,3,0,0,0.700,'70 2/3',50,7,28,2,87,31,26,'1.1',0,0,7,0,291,1198,0.194,8,0,1,2,0,3,0,126),
(43,3.640,9,4,3,0,0,0.571,'47',45,4,10,3,32,22,19,'1.17',0,0,2,0,199,773,0.250,6,1,3,3,0,0,0,127),
(44,3.530,13,3,6,0,0,0.333,'71 1/3',67,2,34,6,51,35,28,'1.42',0,0,7,0,321,1264,0.241,14,0,2,1,1,4,0,129),
(45,3.330,12,4,4,0,0,0.500,'70 1/3',60,5,22,4,77,32,26,'1.17',0,0,6,0,299,1186,0.223,12,1,3,1,0,2,0,130),
(46,3.120,12,5,2,0,0,0.714,'66 1/3',63,5,16,1,54,24,23,'1.19',0,0,6,0,270,1059,0.251,5,1,2,0,2,0,0,135),
(47,7.360,8,2,4,0,0,0.333,'33',37,6,26,2,29,29,27,'1.91',0,0,0,0,160,655,0.282,6,0,1,0,0,6,2,137),
(48,3.680,10,5,2,0,0,0.714,'51 1/3',44,2,13,3,56,23,21,'1.11',1,0,4,0,211,806,0.229,8,2,0,3,0,4,0,138),
(49,3.400,9,3,2,0,0,0.600,'47 2/3',43,5,12,3,21,19,18,'1.15',0,0,3,0,192,747,0.253,11,2,4,3,0,2,0,142),
(50,4.300,13,0,0,0,0,0.000,'14 2/3',11,3,11,0,16,8,7,'1.5',0,0,0,0,65,284,0.212,4,0,1,1,0,0,0,143),
(51,0.000,4,0,0,0,1,0.000,'5 2/3',2,0,2,1,6,1,0,'0.71',0,0,0,0,23,110,0.100,0,0,0,0,0,0,0,150),
(52,2.790,32,4,2,0,8,0.667,'29',24,2,10,5,23,11,9,'1.17',0,0,0,0,124,474,0.224,7,0,1,1,0,1,0,158),
(53,3.690,13,8,4,0,0,0.667,'78',71,4,31,6,85,37,32,'1.31',0,0,7,0,340,1323,0.238,17,1,4,1,0,7,1,160),
(54,14.730,3,0,0,0,0,0.000,'3 2/3',8,1,1,1,4,6,6,'2.45',0,0,0,0,21,65,0.421,5,0,0,0,0,0,0,162),
(55,9.950,10,1,0,0,0,1.000,'6 1/3',7,0,8,1,8,7,7,'2.37',0,0,0,0,35,145,0.269,2,0,0,0,0,0,0,166),
(56,2.950,16,2,0,0,2,1.000,'21 1/3',17,4,9,0,15,7,7,'1.22',0,0,0,0,87,351,0.218,0,0,0,0,1,0,0,168),
(57,5.000,21,0,5,1,3,0.000,'18',21,3,7,0,17,13,10,'1.56',0,0,0,2,80,323,0.292,5,0,1,0,0,3,1,172),
(58,6.350,15,1,0,0,2,1.000,'11 1/3',16,0,6,1,7,9,8,'1.94',0,0,0,0,56,195,0.364,2,0,3,2,1,0,0,175),
(59,3.000,3,0,0,0,0,0.000,'3',3,0,3,0,0,1,1,'2',0,0,0,0,15,51,0.273,1,0,0,1,0,0,0,177),
(60,7.110,5,0,2,0,0,0.000,'19',15,4,18,5,10,17,15,'1.74',0,0,1,0,90,370,0.231,1,0,1,1,0,0,0,178),
(61,7.360,9,0,0,0,0,0.000,'22',30,2,6,2,11,19,18,'1.64',0,0,0,0,102,361,0.330,6,2,1,2,0,2,0,179),
(62,16.880,4,0,0,0,0,0.000,'2 2/3',6,1,3,0,3,5,5,'3.38',0,0,0,0,17,65,0.429,2,0,0,0,0,0,0,187),
(63,3.540,32,1,1,1,4,0.500,'28',29,1,7,4,29,16,11,'1.29',0,0,0,1,123,477,0.266,7,0,2,1,0,0,0,189),
(64,5.320,8,3,4,0,0,0.429,'45 2/3',47,4,17,2,38,31,27,'1.4',0,0,3,0,204,761,0.258,14,2,2,1,0,2,0,192),
(65,5.400,11,0,0,0,1,0.000,'11 2/3',9,1,6,1,13,7,7,'1.29',0,0,0,0,51,208,0.209,4,0,0,1,0,1,0,193),
(66,2.610,21,1,0,0,2,1.000,'20 2/3',15,1,20,0,19,6,6,'1.69',0,0,0,0,96,380,0.205,0,0,2,1,0,1,0,197),
(67,1.950,29,2,0,1,3,1.000,'32 1/3',19,1,7,2,31,7,7,'0.8',0,0,0,2,128,505,0.165,6,0,2,2,0,0,0,198),
(68,6.750,2,0,0,0,0,0.000,'1 1/3',1,0,3,0,0,1,1,'3',0,0,0,0,7,27,0.250,0,0,0,0,0,0,0,202),
(69,8.100,9,0,0,0,0,0.000,'6 2/3',6,1,6,0,5,6,6,'1.8',0,0,0,0,31,132,0.250,0,0,1,0,0,0,0,205),
(70,0.000,6,0,0,0,1,0.000,'7',3,0,3,0,2,0,0,'0.86',0,0,0,0,28,95,0.125,1,0,1,0,0,1,0,206),
(71,2.230,10,4,2,0,0,0.667,'60 2/3',50,2,16,1,63,17,15,'1.09',0,0,8,0,245,891,0.222,11,1,2,1,1,2,0,207),
(72,0.890,29,3,0,0,10,1.000,'30 1/3',23,2,7,1,29,6,3,'0.99',0,0,0,1,124,451,0.207,5,1,4,1,2,1,0,208),
(73,4.060,12,6,4,0,0,0.600,'64 1/3',60,5,22,2,64,31,29,'1.27',0,0,5,0,266,1056,0.253,6,1,3,2,0,3,0,212),
(74,15.000,2,0,0,0,0,0.000,'3',4,1,6,1,1,5,5,'3.33',0,0,0,0,18,78,0.364,1,0,0,0,0,1,0,214),
(75,11.250,4,0,0,0,0,0.000,'4',5,0,4,1,4,5,5,'2.25',0,0,0,0,22,84,0.294,2,0,0,0,0,1,0,216),
(76,2.560,11,6,3,0,0,0.667,'63 1/3',48,5,21,0,62,18,18,'1.09',0,0,6,0,259,1025,0.205,9,0,2,2,0,2,0,219),
(77,6.390,8,2,4,0,0,0.333,'31',41,3,17,0,25,24,22,'1.87',0,0,1,0,143,529,0.333,2,0,2,1,0,2,0,221),
(78,4.500,5,0,0,0,0,0.000,'6',9,0,3,0,2,3,3,'2',0,0,0,0,28,93,0.375,2,0,1,0,0,3,0,222),
(79,4.150,34,1,0,0,3,1.000,'17 1/3',9,2,17,0,18,8,8,'1.5',0,0,0,0,76,303,0.155,2,0,1,0,0,2,0,223),
(80,4.350,10,2,3,0,0,0.400,'49 2/3',48,5,11,1,31,24,24,'1.19',0,0,3,0,206,872,0.250,10,1,0,2,0,2,0,227),
(81,16.200,2,0,0,0,0,0.000,'1 2/3',2,0,4,1,2,3,3,'3.6',0,0,0,0,11,47,0.333,1,0,0,0,0,0,0,229),
(82,0.000,1,1,0,0,0,1.000,'6',6,0,1,1,4,0,0,'1.17',0,0,1,0,26,98,0.250,3,0,0,0,0,0,0,238),
(83,2.080,12,4,2,0,0,0.667,'69 1/3',48,4,20,4,98,20,16,'0.98',0,0,7,0,279,1141,0.190,8,1,0,3,0,4,0,239),
(84,5.190,6,0,0,0,0,0.000,'8 2/3',9,0,3,0,6,5,5,'1.38',0,0,0,0,38,150,0.265,3,0,0,1,0,0,0,243),
(85,8.360,18,0,2,0,1,0.000,'14',18,3,7,3,10,13,13,'1.79',0,0,0,0,69,268,0.305,1,2,0,0,0,1,0,244),
(86,5.540,11,1,1,0,0,0.500,'13',19,1,5,3,11,9,8,'1.85',0,0,0,0,66,251,0.345,3,0,2,1,0,1,0,245),
(87,4.900,12,4,4,0,0,0.500,'64 1/3',74,3,27,2,51,41,35,'1.57',0,0,4,0,287,1043,0.292,12,3,3,2,0,3,0,246),
(88,6.270,9,1,4,0,0,0.200,'37 1/3',51,6,16,6,29,26,26,'1.79',0,0,1,0,179,716,0.331,8,1,1,2,0,1,0,248),
(89,4.320,5,2,2,0,0,0.500,'25',16,4,8,2,26,13,12,'0.96',0,0,3,0,99,398,0.186,5,0,0,3,0,0,0,250),
(90,6.750,24,0,0,0,3,0.000,'25 1/3',36,2,11,2,19,19,19,'1.86',0,0,0,0,118,480,0.353,5,1,1,2,0,1,0,254),
(91,0.000,1,0,0,0,0,0.000,'01월 03일',1,0,1,0,0,0,0,'6',0,0,0,0,3,11,0.500,1,0,0,0,0,0,0,258),
(92,2.790,12,7,3,0,0,0.700,'67 2/3',56,5,28,4,60,23,21,'1.24',0,0,6,0,279,1088,0.232,8,0,2,4,1,3,0,260),
(93,3.040,12,6,2,0,0,0.750,'71',54,3,15,4,77,27,24,'0.97',0,0,9,0,287,1179,0.208,15,1,4,4,0,2,0,264),
(94,3.360,13,7,2,0,0,0.778,'80 1/3',64,9,21,4,90,31,30,'1.06',0,0,9,0,328,1300,0.213,10,0,0,3,0,3,1,265),
(95,2.110,25,1,1,0,4,0.500,'21 1/3',20,0,2,1,14,5,5,'1.03',0,0,0,1,89,289,0.244,5,0,4,0,1,0,0,267),
(96,2.080,28,0,1,0,7,0.000,'30 1/3',20,3,15,1,26,8,7,'1.15',0,0,0,0,126,493,0.183,5,0,0,1,2,1,0,268),
(97,16.200,2,0,0,0,0,0.000,'1 2/3',3,1,2,0,1,3,3,'3',0,0,0,0,10,37,0.429,0,0,0,1,0,0,0,270),
(98,6.260,25,0,1,3,3,0.000,'23',33,3,9,1,14,19,16,'1.83',0,0,0,1,110,375,0.359,4,2,6,2,2,2,0,271),
(99,2.550,11,4,2,0,0,0.667,'67',59,5,8,2,51,20,19,'1',0,0,8,0,267,1028,0.238,17,1,5,4,0,0,0,272),
(100,4.500,1,0,0,0,0,0.000,'2',3,0,2,0,3,1,1,'2.5',0,0,0,0,11,40,0.333,0,0,0,0,0,1,0,276),
(101,0.000,1,0,0,0,0,0.000,'02월 03일',0,0,0,0,1,0,0,'0',0,0,0,0,2,12,0.000,0,0,0,0,0,0,0,277),
(102,24.750,4,0,0,0,0,0.000,'4',9,1,4,1,2,11,11,'3.25',0,0,0,0,26,105,0.474,3,0,1,1,1,0,0,282),
(103,81.000,1,0,1,0,0,0.000,'1',4,0,6,1,2,9,9,'10',0,0,0,0,14,54,0.571,0,0,0,0,0,0,0,283),
(104,6.750,7,0,5,0,0,0.000,'24',27,3,21,1,19,22,18,'2',0,0,0,0,120,456,0.278,2,0,0,1,0,2,0,284),
(105,2.700,11,1,0,0,0,1.000,'10',9,2,5,0,7,3,3,'1.4',0,0,0,0,44,141,0.237,4,0,1,0,2,0,0,287),
(106,6.750,15,2,1,0,0,0.667,'20',26,2,17,4,13,22,15,'2.15',0,0,0,1,107,435,0.310,3,1,0,2,0,3,0,288),
(107,5.230,24,0,2,0,2,0.000,'20 2/3',22,2,11,2,20,16,12,'1.6',0,0,0,0,95,384,0.272,4,0,1,0,0,2,0,289),
(108,5.330,5,1,1,0,0,0.500,'25 1/3',27,4,10,1,16,15,15,'1.46',0,0,1,0,113,445,0.267,4,0,1,0,0,0,0,292),
(109,10.800,3,0,1,0,0,0.000,'5',12,0,3,0,2,7,6,'3',0,0,0,0,30,92,0.444,1,1,0,0,0,0,0,295),
(110,0.000,4,0,0,0,0,0.000,'5',2,0,1,1,4,0,0,'0.6',0,0,0,0,17,71,0.143,0,0,1,0,0,0,0,296),
(111,0.000,1,0,0,0,0,0.000,'1',2,0,0,0,1,0,0,'2',0,0,0,0,5,12,0.400,0,0,0,0,0,0,0,297),
(112,3.100,17,1,0,0,0,1.000,'20 1/3',22,2,5,2,22,9,7,'1.33',0,0,0,0,90,337,0.275,6,0,3,0,0,0,0,301),
(113,3.680,30,3,3,0,4,0.500,'29 1/3',27,2,16,1,32,12,12,'1.47',0,0,0,2,129,488,0.248,5,0,3,0,0,4,0,304),
(114,10.240,3,0,2,0,0,0.000,'9 2/3',13,1,8,2,10,11,11,'2.17',0,0,0,0,51,213,0.325,3,0,0,1,0,2,0,306),
(115,3.790,30,2,0,0,5,1.000,'19',19,2,6,0,20,8,8,'1.32',0,0,0,1,78,300,0.264,5,0,0,0,2,0,0,321),
(116,4.730,18,0,2,0,2,0.000,'13 1/3',17,1,7,1,12,7,7,'1.8',0,0,0,0,65,248,0.304,4,1,1,0,0,0,0,322),
(117,10.130,3,0,0,0,0,0.000,'5 1/3',11,3,1,1,3,6,6,'2.25',0,0,0,0,28,115,0.423,0,0,0,0,0,1,0,323),
(118,4.820,8,0,0,0,0,0.000,'9 1/3',8,0,4,2,5,5,5,'1.29',0,0,0,0,41,151,0.250,2,2,0,3,1,0,0,328),
(119,4.700,9,0,1,0,0,0.000,'7 2/3',10,0,4,0,5,4,4,'1.83',0,0,0,0,35,115,0.333,4,0,1,0,1,0,0,330),
(120,14.290,6,0,0,0,0,0.000,'5 2/3',15,0,4,0,3,12,9,'3.35',0,0,0,0,36,137,0.517,5,1,1,2,1,0,0,331),
(121,15.190,7,0,1,0,0,0.000,'5 1/3',13,2,4,0,3,9,9,'3.19',0,0,0,0,32,116,0.481,4,0,1,0,0,0,0,335),
(122,18.000,1,0,0,0,0,0.000,'1',2,0,3,0,0,2,2,'5',0,0,0,0,8,34,0.400,1,0,0,0,0,0,0,337),
(123,2.450,6,0,0,0,1,0.000,'3 2/3',1,0,2,0,5,1,1,'0.82',0,0,0,0,14,68,0.083,0,1,0,0,0,0,0,338),
(124,27.000,2,0,0,0,0,0.000,'1 1/3',4,0,3,0,0,5,4,'5.25',0,0,0,0,12,44,0.444,2,0,0,0,0,1,0,342),
(125,2.630,12,8,1,0,0,0.889,'75 1/3',69,3,22,2,55,23,22,'1.21',1,1,8,0,307,1112,0.248,18,1,2,3,1,0,0,343),
(126,4.500,12,1,0,0,2,1.000,'10',12,4,7,1,4,6,5,'1.9',0,0,0,0,50,216,0.300,2,0,1,1,1,0,0,344),
(127,6.000,3,0,0,0,0,0.000,'3',3,1,3,0,2,2,2,'2',0,0,0,0,13,63,0.300,0,0,0,0,0,0,0,349),
(128,3.130,12,3,5,0,0,0.375,'72',54,1,20,5,72,28,25,'1.03',0,0,7,0,291,1086,0.208,10,1,5,1,0,2,0,353),
(129,6.390,24,2,4,1,5,0.333,'25 1/3',35,2,12,2,13,20,18,'1.86',0,0,0,4,123,454,0.321,2,2,0,0,0,5,0,357),
(130,4.390,32,3,2,0,8,0.600,'26 2/3',28,1,11,1,17,15,13,'1.46',0,0,0,3,119,453,0.267,6,0,1,1,2,2,0,358),
(131,3.550,3,0,1,0,0,0.000,'12 2/3',15,1,4,0,11,5,5,'1.5',0,0,0,0,56,216,0.288,2,0,0,0,0,1,0,359),
(132,0.000,1,0,0,0,0,0.000,'01월 03일',0,0,0,0,0,0,0,'0',0,0,0,0,1,6,0.000,0,0,0,0,0,0,0,360),
(133,12.150,7,0,0,0,0,0.000,'6 2/3',15,0,6,1,7,9,9,'3.15',0,0,0,0,41,156,0.441,4,0,0,0,1,0,0,362),
(134,12.270,4,0,0,0,0,0.000,'7 1/3',9,1,7,0,8,10,10,'2.18',0,0,0,0,38,142,0.290,5,0,0,0,0,0,0,364),
(135,36.000,1,0,1,0,0,0.000,'1',3,0,0,2,0,4,4,'3',0,0,0,0,7,23,0.600,2,1,0,0,0,1,0,365),
(136,0.000,2,0,0,0,0,0.000,'1 1/3',2,0,0,1,2,0,0,'1.5',0,0,0,0,7,28,0.333,1,0,0,0,0,0,0,369),
(137,4.800,3,2,0,0,0,1.000,'15',19,1,13,0,11,10,8,'2.13',0,0,0,0,74,307,0.317,6,0,1,0,0,1,0,376),
(138,4.280,32,3,5,0,15,0.375,'27 1/3',27,3,18,0,32,15,13,'1.65',0,0,0,1,124,541,0.257,5,0,0,1,2,1,0,382),
(139,7.610,11,0,3,0,0,0.000,'36 2/3',46,7,17,2,21,31,31,'1.72',0,0,0,0,172,634,0.305,11,1,0,2,0,3,0,385),
(140,5.400,3,1,2,0,0,0.333,'11 2/3',17,2,0,1,3,7,7,'1.46',0,0,0,0,50,173,0.347,2,1,0,0,0,0,0,386),
(141,3.090,12,0,0,0,0,0.000,'11 2/3',13,0,4,0,6,4,4,'1.46',0,0,0,0,50,199,0.289,1,0,1,0,0,0,0,388),
(142,2.490,19,2,1,8,3,0.667,'21 2/3',15,5,6,0,17,6,6,'0.97',0,0,0,0,84,323,0.192,1,0,0,0,0,0,0,389),
(143,4.050,14,0,1,1,2,0.000,'13 1/3',18,2,4,1,11,6,6,'1.65',0,0,0,0,62,244,0.321,2,0,1,0,0,0,0,390),
(144,12.660,12,0,1,0,0,0.000,'10 2/3',20,3,7,1,6,16,15,'2.53',0,0,0,0,56,202,0.417,3,0,0,0,1,0,0,395),
(145,2.570,3,1,1,0,0,0.500,'14',9,0,9,0,9,6,4,'1.29',0,0,0,0,60,249,0.176,2,0,0,0,0,2,0,396),
(146,3.380,13,1,0,0,0,1.000,'18 2/3',13,3,9,3,16,7,7,'1.18',0,0,0,0,81,328,0.194,1,0,1,1,0,0,0,397),
(147,5.680,13,2,2,0,2,0.500,'25 1/3',31,3,11,1,17,16,16,'1.66',0,0,0,0,114,464,0.316,5,1,0,4,0,1,1,400),
(148,3.860,11,3,3,0,0,0.500,'58 1/3',56,5,21,4,42,25,25,'1.32',0,0,5,0,251,978,0.249,9,0,1,0,0,2,0,402),
(149,0.000,1,0,0,0,0,0.000,'1 2/3',2,0,0,0,1,0,0,'1.2',0,0,0,0,7,19,0.286,0,0,0,0,0,0,0,403),
(150,7.360,3,0,0,0,0,0.000,'3 2/3',6,0,3,0,2,5,3,'2.45',0,0,0,0,21,76,0.353,1,0,1,0,0,1,0,404),
(151,5.140,11,4,3,0,0,0.571,'56',57,5,29,3,57,33,32,'1.54',0,0,3,0,254,994,0.268,8,0,5,4,0,2,0,407),
(152,5.400,3,0,0,0,0,0.000,'1 2/3',1,0,3,0,5,1,1,'2.4',0,0,0,0,9,46,0.167,0,0,0,0,0,2,0,413),
(153,5.190,8,0,0,0,2,0.000,'8 2/3',6,1,4,0,11,5,5,'1.15',0,0,0,0,36,143,0.188,2,0,0,0,0,1,0,415),
(154,8.620,8,1,2,0,0,0.333,'15 2/3',18,4,9,2,10,15,15,'1.72',0,0,0,0,73,301,0.295,5,0,0,1,0,2,0,417),
(155,4.660,21,2,3,0,3,0.400,'19 1/3',19,2,3,1,23,10,10,'1.14',0,0,0,3,80,303,0.257,2,0,2,0,0,1,0,418),
(156,7.270,25,2,1,0,4,0.667,'17 1/3',17,1,21,1,14,15,14,'2.19',0,0,0,0,89,367,0.262,2,0,1,1,0,2,0,419),
(157,9.390,4,0,0,0,1,0.000,'7 2/3',13,1,5,0,5,8,8,'2.35',0,0,0,0,40,145,0.382,2,0,0,1,0,1,0,421),
(158,8.000,6,0,0,0,0,0.000,'9',9,5,5,1,4,9,8,'1.56',0,0,0,0,41,163,0.257,1,0,0,0,0,1,0,423),
(159,2.840,12,6,2,0,0,0.750,'73',62,3,15,3,69,24,23,'1.05',0,0,8,0,292,1137,0.227,9,0,1,0,0,1,0,426),
(160,7.040,5,1,1,0,0,0.500,'23',28,4,4,5,8,19,18,'1.39',0,0,1,0,107,408,0.295,7,0,2,1,0,0,0,429),
(161,4.280,12,5,5,0,0,0.500,'67 1/3',53,2,35,11,54,36,32,'1.31',0,0,7,0,292,1102,0.226,8,2,7,5,0,2,0,430),
(162,6.360,13,2,6,0,0,0.250,'69 1/3',80,12,33,3,44,54,49,'1.63',0,0,5,0,321,1163,0.286,10,1,4,1,0,3,1,431),
(163,1.800,13,9,0,0,0,1.000,'85',52,4,20,1,112,18,17,'0.85',0,0,9,0,319,1297,0.177,7,0,1,3,0,4,3,432),
(164,5.120,12,4,6,0,0,0.400,'65',76,5,24,2,65,38,37,'1.54',0,0,6,0,292,1114,0.290,8,1,4,0,1,2,0,435),
(165,5.790,26,2,0,1,2,1.000,'18 2/3',26,0,13,0,18,14,12,'2.09',0,0,0,0,93,373,0.338,4,0,2,1,1,1,0,438),
(166,2.600,30,1,2,1,9,0.333,'27 2/3',24,2,11,3,22,10,8,'1.27',0,0,0,3,120,462,0.229,3,1,1,0,0,3,0,441),
(167,3.120,17,0,1,0,0,0.000,'17 1/3',18,1,19,0,16,9,6,'2.13',0,0,0,0,84,350,0.277,2,0,0,0,0,3,0,443),
(168,6.230,3,0,0,0,1,0.000,'8 2/3',13,2,2,1,8,6,6,'1.73',0,0,0,0,41,161,0.342,2,0,0,0,0,1,0,447),
(169,2.800,11,4,4,0,0,0.500,'61',55,7,18,1,69,27,19,'1.2',0,0,5,0,261,1011,0.230,8,1,2,1,0,3,0,452),
(170,4.450,16,2,1,1,0,0.667,'28 1/3',30,4,11,1,17,16,14,'1.45',0,0,0,0,126,492,0.268,6,0,0,2,0,4,0,454),
(171,0.000,2,0,0,0,0,0.000,'2',2,0,1,0,1,0,0,'1.5',0,0,0,0,7,25,0.333,1,0,0,0,0,0,0,455),
(172,9.000,1,0,0,0,0,0.000,'1',1,0,1,0,1,1,1,'2',0,0,0,0,5,13,0.333,0,0,0,1,0,0,0,456),
(173,2.720,8,4,1,0,0,0.800,'46 1/3',32,4,15,0,47,16,14,'1.01',0,0,4,0,186,740,0.188,6,1,0,1,0,3,0,460),
(174,5.060,8,0,0,0,0,0.000,'10 2/3',9,0,8,2,13,6,6,'1.59',0,0,0,0,51,210,0.225,0,0,0,1,0,1,0,462),
(175,5.140,3,0,2,0,0,0.000,'14',9,1,10,1,11,9,8,'1.36',0,0,0,0,60,234,0.184,3,0,0,0,0,0,0,467),
(176,2.710,13,5,5,0,0,0.500,'83',82,8,18,2,63,27,25,'1.2',1,0,11,0,342,1304,0.256,5,1,1,1,0,0,0,468);
/*!40000 ALTER TABLE `pitcherstats` ENABLE KEYS */;
UNLOCK TABLES;

--
-- Table structure for table `pitcherstatsfilter`
--

DROP TABLE IF EXISTS `pitcherstatsfilter`;
/*!40101 SET @saved_cs_client     = @@character_set_client */;
/*!40101 SET character_set_client = utf8mb4 */;
CREATE TABLE `pitcherstatsfilter` (
  `id` bigint(20) NOT NULL AUTO_INCREMENT,
  `pitcher_id` bigint(20) NOT NULL,
  `user_id` bigint(20) NOT NULL,
  `name` varchar(20) NOT NULL,
  `createAt` datetime NOT NULL DEFAULT current_timestamp(),
  PRIMARY KEY (`id`),
  KEY `pitcher_id` (`pitcher_id`),
  KEY `user_id` (`user_id`),
  CONSTRAINT `pitcherstatsfilter_ibfk_1` FOREIGN KEY (`pitcher_id`) REFERENCES `pitcher` (`id`),
  CONSTRAINT `pitcherstatsfilter_ibfk_2` FOREIGN KEY (`user_id`) REFERENCES `user` (`id`)
) ENGINE=InnoDB DEFAULT CHARSET=utf8mb4 COLLATE=utf8mb4_uca1400_ai_ci;
/*!40101 SET character_set_client = @saved_cs_client */;

--
-- Dumping data for table `pitcherstatsfilter`
--

LOCK TABLES `pitcherstatsfilter` WRITE;
/*!40000 ALTER TABLE `pitcherstatsfilter` DISABLE KEYS */;
/*!40000 ALTER TABLE `pitcherstatsfilter` ENABLE KEYS */;
UNLOCK TABLES;

--
-- Table structure for table `pitcherstatsfiltercondition`
--

DROP TABLE IF EXISTS `pitcherstatsfiltercondition`;
/*!40101 SET @saved_cs_client     = @@character_set_client */;
/*!40101 SET character_set_client = utf8mb4 */;
CREATE TABLE `pitcherstatsfiltercondition` (
  `id` bigint(20) NOT NULL AUTO_INCREMENT,
  `pitcherStatsFilter_id` bigint(20) NOT NULL,
  `statColName` varchar(20) NOT NULL,
  `operator` enum('=','!=','>','<','>=','<=') DEFAULT NULL,
  `value` varchar(20) NOT NULL,
  `valueType` enum('int','float','string') NOT NULL,
  PRIMARY KEY (`id`),
  KEY `pitcherStatsFilter_id` (`pitcherStatsFilter_id`),
  CONSTRAINT `pitcherstatsfiltercondition_ibfk_1` FOREIGN KEY (`pitcherStatsFilter_id`) REFERENCES `pitcherstatsfilter` (`id`)
) ENGINE=InnoDB DEFAULT CHARSET=utf8mb4 COLLATE=utf8mb4_uca1400_ai_ci;
/*!40101 SET character_set_client = @saved_cs_client */;

--
-- Dumping data for table `pitcherstatsfiltercondition`
--

LOCK TABLES `pitcherstatsfiltercondition` WRITE;
/*!40000 ALTER TABLE `pitcherstatsfiltercondition` DISABLE KEYS */;
/*!40000 ALTER TABLE `pitcherstatsfiltercondition` ENABLE KEYS */;
UNLOCK TABLES;

--
-- Table structure for table `players`
--

DROP TABLE IF EXISTS `players`;
/*!40101 SET @saved_cs_client     = @@character_set_client */;
/*!40101 SET character_set_client = utf8mb4 */;
CREATE TABLE `players` (
  `id` bigint(20) NOT NULL AUTO_INCREMENT,
  `leagueTeam_id` bigint(20) NOT NULL,
  `name` varchar(30) DEFAULT NULL,
  `vote` bigint(20) NOT NULL DEFAULT 0,
  PRIMARY KEY (`id`),
  KEY `leagueTeam_id` (`leagueTeam_id`),
  CONSTRAINT `players_ibfk_1` FOREIGN KEY (`leagueTeam_id`) REFERENCES `leagueteam` (`id`)
) ENGINE=InnoDB AUTO_INCREMENT=512 DEFAULT CHARSET=utf8mb4 COLLATE=utf8mb4_uca1400_ai_ci;
/*!40101 SET character_set_client = @saved_cs_client */;

--
-- Dumping data for table `players`
--

LOCK TABLES `players` WRITE;
/*!40000 ALTER TABLE `players` DISABLE KEYS */;
INSERT INTO `players` VALUES
(1,3,'감보아',0),
(2,9,'강건',0),
(3,9,'강민성',0),
(4,5,'강민호',0),
(5,9,'강백호',0),
(6,3,'강성우',0),
(7,6,'강승호',0),
(8,7,'강진성',0),
(9,9,'강현우',0),
(10,8,'고명준',0),
(11,3,'고승민',0),
(12,7,'고영우',0),
(13,9,'고영표',0),
(14,6,'고효준',0),
(15,4,'곽도규',0),
(16,6,'곽빈',0),
(17,2,'구본혁',0),
(18,3,'구승민',0),
(19,5,'구자욱',0),
(20,10,'권광민',0),
(21,9,'권동진',0),
(22,10,'권민규',0),
(23,7,'권혁빈',0),
(24,11,'권희동',0),
(25,2,'김강률',0),
(26,3,'김강현',0),
(27,4,'김건국',0),
(28,8,'김건우',0),
(29,9,'김건형',0),
(30,7,'김건희',0),
(31,8,'김광현',0),
(32,4,'김규성',0),
(33,6,'김기연',0),
(34,4,'김기훈',0),
(35,11,'김녹원',0),
(36,4,'김대유',0),
(37,6,'김대한',0),
(38,5,'김대호',0),
(39,4,'김도영',0),
(40,4,'김도현',0),
(41,7,'김동엽',0),
(42,6,'김동준',0),
(43,7,'김동헌',0),
(44,3,'김동혁',0),
(45,6,'김명신',0),
(46,8,'김민',0),
(47,6,'김민규',0),
(48,6,'김민석',0),
(49,3,'김민성',0),
(50,2,'김민수',0),
(51,4,'김민재',0),
(52,6,'김민혁',0),
(53,10,'김범수',0),
(54,11,'김범준',0),
(55,9,'김병준',0),
(56,9,'김상수',0),
(57,7,'김서준',0),
(58,10,'김서현',0),
(59,4,'김석환',0),
(60,7,'김선기',0),
(61,4,'김선빈',0),
(62,7,'김성민',0),
(63,2,'김성우',0),
(64,11,'김성욱',0),
(65,5,'김성윤',0),
(66,8,'김성현',0),
(67,8,'김수윤',0),
(68,10,'김승일',0),
(69,11,'김시훈',0),
(70,7,'김연주',0),
(71,2,'김영우',0),
(72,5,'김영웅',0),
(73,7,'김웅빈',0),
(74,3,'김원중',0),
(75,6,'김유성',0),
(76,2,'김유영',0),
(77,7,'김윤하',0),
(78,6,'김인태',0),
(79,10,'김인환',0),
(80,5,'김재성',0),
(81,11,'김재열',0),
(82,9,'김재원',0),
(83,5,'김재윤',0),
(84,5,'김재혁',0),
(85,7,'김재현',0),
(86,6,'김재환',0),
(87,6,'김정우',0),
(88,11,'김정호',0),
(89,10,'김종수',0),
(90,2,'김종운',0),
(91,2,'김주성',0),
(92,2,'김주온',0),
(93,11,'김주원',0),
(94,6,'김준상',0),
(95,5,'김지찬',0),
(96,2,'김진성',0),
(97,3,'김진욱',0),
(98,11,'김진호',0),
(99,8,'김찬형',0),
(100,8,'김창평',0),
(101,11,'김태경',0),
(102,4,'김태군',0),
(103,5,'김태근',0),
(104,10,'김태연',0),
(105,7,'김태진',0),
(106,11,'김태현',0),
(107,5,'김태훈',0),
(108,6,'김택연',0),
(109,11,'김한별',0),
(110,5,'김헌곤',0),
(111,2,'김현수',0),
(112,11,'김형준',0),
(113,4,'김호령',0),
(114,6,'김호준',0),
(115,5,'김호진',0),
(116,11,'김휘집',0),
(117,3,'나균안',0),
(118,4,'나성범',0),
(119,3,'나승엽',0),
(120,4,'네일',0),
(121,8,'노경은',0),
(122,10,'노시환',0),
(123,11,'데이비슨',0),
(124,11,'도태훈',0),
(125,5,'디아즈',0),
(126,11,'라일리',0),
(127,5,'레예스',0),
(128,3,'레이예스',0),
(129,11,'로건',0),
(130,7,'로젠버그',0),
(131,9,'로하스',0),
(132,5,'류지혁',0),
(133,11,'류진욱',0),
(134,6,'류현준',0),
(135,10,'류현진',0),
(136,8,'맥브룸',0),
(137,11,'목지훈',0),
(138,10,'문동주',0),
(139,2,'문보경',0),
(140,9,'문상철',0),
(141,2,'문성주',0),
(142,8,'문승원',0),
(143,9,'문용익',0),
(144,2,'문정빈',0),
(145,10,'문현빈',0),
(146,11,'박건우',0),
(147,9,'박경수',0),
(148,6,'박계범',0),
(149,2,'박관우',0),
(150,8,'박기호',0),
(151,2,'박동원',0),
(152,2,'박명근',0),
(153,4,'박민',0),
(154,9,'박민석',0),
(155,11,'박민우',0),
(156,6,'박민준',0),
(157,5,'박병호',0),
(158,10,'박상원',0),
(159,8,'박성한',0),
(160,3,'박세웅',0),
(161,11,'박세혁',0),
(162,3,'박세현',0),
(163,7,'박수종',0),
(164,5,'박승규',0),
(165,3,'박승욱',0),
(166,3,'박시영',0),
(167,11,'박시원',0),
(168,8,'박시후',0),
(169,6,'박신지',0),
(170,11,'박영빈',0),
(171,9,'박영현',0),
(172,7,'박윤성',0),
(173,3,'박재엽',0),
(174,4,'박재현',0),
(175,6,'박정수',0),
(176,4,'박정우',0),
(177,7,'박정훈',0),
(178,8,'박종훈',0),
(179,7,'박주성',0),
(180,7,'박주홍',0),
(181,6,'박준순',0),
(182,6,'박준영',0),
(183,3,'박준우',0),
(184,8,'박지환',0),
(185,6,'박지훈',0),
(186,3,'박진',0),
(187,3,'박진형',0),
(188,4,'박찬호',0),
(189,6,'박치국',0),
(190,11,'박한결',0),
(191,2,'박해민',0),
(192,3,'반즈',0),
(193,2,'배재준',0),
(194,11,'배재환',0),
(195,9,'배정대',0),
(196,5,'배찬승',0),
(197,2,'백승현',0),
(198,5,'백정현',0),
(199,7,'변상권',0),
(200,4,'변우혁',0),
(201,4,'서건창',0),
(202,8,'서진용',0),
(203,11,'서호철',0),
(204,8,'석정우',0),
(205,2,'성동현',0),
(206,4,'성영탁',0),
(207,9,'소형준',0),
(208,9,'손동현',0),
(209,3,'손성빈',0),
(210,11,'손아섭',0),
(211,2,'손용준',0),
(212,2,'손주영',0),
(213,11,'손주환',0),
(214,7,'손현기',0),
(215,3,'손호영',0),
(216,7,'손힘찬',0),
(217,9,'송민섭',0),
(218,7,'송성문',0),
(219,2,'송승기',0),
(220,11,'송승환',0),
(221,8,'송영진',0),
(222,5,'송은범',0),
(223,3,'송재영',0),
(224,7,'송지후',0),
(225,2,'송찬의',0),
(226,2,'신민재',0),
(227,11,'신민혁',0),
(228,8,'신범수',0),
(229,11,'신영우',0),
(230,10,'심우준',0),
(231,5,'심재훈',0),
(232,8,'안상현',0),
(233,5,'안주형',0),
(234,11,'안중열',0),
(235,9,'안치영',0),
(236,10,'안치홍',0),
(237,9,'안현민',0),
(238,7,'알칸타라',0),
(239,8,'앤더슨',0),
(240,5,'양도근',0),
(241,6,'양석환',0),
(242,6,'양의지',0),
(243,6,'양재훈',0),
(244,7,'양지율',0),
(245,5,'양창섭',0),
(246,4,'양현종',0),
(247,7,'어준서',0),
(248,10,'엄상백',0),
(249,8,'에레디아',0),
(250,2,'에르난데스',0),
(251,6,'여동건',0),
(252,7,'여동욱',0),
(253,6,'오명진',0),
(254,7,'오석주',0),
(255,4,'오선우',0),
(256,7,'오선진',0),
(257,2,'오스틴',0),
(258,5,'오승환',0),
(259,11,'오영수',0),
(260,9,'오원석',0),
(261,9,'오윤석',0),
(262,2,'오지환',0),
(263,8,'오태곤',0),
(264,4,'올러',0),
(265,10,'와이스',0),
(266,2,'우강훈',0),
(267,9,'우규민',0),
(268,9,'원상현',0),
(269,7,'원성준',0),
(270,10,'원종혁',0),
(271,7,'원종현',0),
(272,5,'원태인',0),
(273,4,'위즈덤',0),
(274,3,'유강남',0),
(275,10,'유로결',0),
(276,4,'유승철',0),
(277,2,'유영찬',0),
(278,9,'유준규',0),
(279,5,'육선엽',0),
(280,4,'윤도현',0),
(281,3,'윤동희',0),
(282,7,'윤석원',0),
(283,3,'윤성빈',0),
(284,4,'윤영철',0),
(285,5,'윤정빈',0),
(286,9,'윤준혁',0),
(287,4,'윤중현',0),
(288,7,'윤현',0),
(289,7,'이강준',0),
(290,10,'이도윤',0),
(291,8,'이로운',0),
(292,3,'이민석',0),
(293,10,'이민재',0),
(294,5,'이병헌',0),
(295,10,'이상규',0),
(296,9,'이상동',0),
(297,5,'이상민',0),
(298,10,'이상혁',0),
(299,6,'이선우',0),
(300,5,'이성규',0),
(301,5,'이승민',0),
(302,10,'이승현',0),
(303,2,'이영빈',0),
(304,6,'이영하',0),
(305,7,'이용규',0),
(306,11,'이용찬',0),
(307,4,'이우성',0),
(308,2,'이우찬',0),
(309,7,'이원석',0),
(310,6,'이유찬',0),
(311,8,'이율예',0),
(312,3,'이인한',0),
(313,7,'이재상',0),
(314,10,'이재원',0),
(315,5,'이재현',0),
(316,5,'이재희',0),
(317,9,'이정현',0),
(318,9,'이정훈',0),
(319,2,'이주헌',0),
(320,7,'이주형',0),
(321,4,'이준영',0),
(322,7,'이준우',0),
(323,11,'이준혁',0),
(324,2,'이지강',0),
(325,8,'이지영',0),
(326,10,'이진영',0),
(327,5,'이창용',0),
(328,9,'이채호',0),
(329,3,'이태경',0),
(330,10,'이태양',0),
(331,4,'이형범',0),
(332,7,'이형종',0),
(333,5,'이호성',0),
(334,3,'이호준',0),
(335,4,'임기영',0),
(336,7,'임병욱',0),
(337,11,'임상현',0),
(338,11,'임정호',0),
(339,6,'임종성',0),
(340,10,'임종찬',0),
(341,7,'임지열',0),
(342,7,'임진묵',0),
(343,2,'임찬규',0),
(344,5,'임창민',0),
(345,3,'장두성',0),
(346,9,'장성우',0),
(347,6,'장승현',0),
(348,7,'장재영',0),
(349,4,'장재혁',0),
(350,9,'장준원',0),
(351,9,'장진혁',0),
(352,2,'장현식',0),
(353,6,'잭로그',0),
(354,6,'전다민',0),
(355,3,'전민재',0),
(356,5,'전병우',0),
(357,11,'전사민',0),
(358,4,'전상현',0),
(359,8,'전영준',0),
(360,9,'전용주',0),
(361,3,'전준우',0),
(362,7,'전준표',0),
(363,7,'전태현',0),
(364,8,'정동윤',0),
(365,5,'정민성',0),
(366,3,'정보근',0),
(367,6,'정수빈',0),
(368,10,'정우주',0),
(369,3,'정우준',0),
(370,8,'정준재',0),
(371,3,'정철원',0),
(372,4,'정해영',0),
(373,4,'정해원',0),
(374,3,'정현수',0),
(375,8,'정현승',0),
(376,7,'정현우',0),
(377,11,'정현창',0),
(378,3,'정훈',0),
(379,9,'조대현',0),
(380,10,'조동욱',0),
(381,8,'조병현',0),
(382,4,'조상우',0),
(383,3,'조세진',0),
(384,6,'조수행',0),
(385,7,'조영건',0),
(386,9,'조이현',0),
(387,8,'조형우',0),
(388,9,'주권',0),
(389,7,'주승우',0),
(390,10,'주현상',0),
(391,10,'채은성',0),
(392,8,'채현우',0),
(393,9,'천성호',0),
(394,11,'천재환',0),
(395,9,'최동환',0),
(396,6,'최민석',0),
(397,8,'최민준',0),
(398,8,'최상민',0),
(399,9,'최성민',0),
(400,11,'최성영',0),
(401,2,'최승민',0),
(402,6,'최승용',0),
(403,9,'최용준',0),
(404,11,'최우석',0),
(405,2,'최원영',0),
(406,4,'최원준',0),
(407,5,'최원태',0),
(408,10,'최인호',0),
(409,10,'최재훈',0),
(410,8,'최정',0),
(411,4,'최정용',0),
(412,11,'최정원',0),
(413,6,'최종인',0),
(414,7,'최주환',0),
(415,3,'최준용',0),
(416,8,'최준우',0),
(417,6,'최준호',0),
(418,6,'최지강',0),
(419,4,'최지민',0),
(420,8,'최지훈',0),
(421,2,'최채흥',0),
(422,3,'최항',0),
(423,8,'최현석',0),
(424,4,'최형우',0),
(425,6,'추재현',0),
(426,2,'치리노스',0),
(427,7,'카디네스',0),
(428,6,'케이브',0),
(429,2,'코엔 윈',0),
(430,6,'콜어빈',0),
(431,9,'쿠에바스',0),
(432,10,'폰세',0),
(433,7,'푸이그',0),
(434,10,'플로리얼',0),
(435,7,'하영민',0),
(436,8,'하재훈',0),
(437,10,'하주석',0),
(438,8,'한두솔',0),
(439,11,'한석현',0),
(440,4,'한승택',0),
(441,10,'한승혁',0),
(442,8,'한유섬',0),
(443,11,'한재승',0),
(444,11,'한재환',0),
(445,4,'한준수',0),
(446,3,'한태양',0),
(447,3,'한현희',0),
(448,5,'함수호',0),
(449,2,'함창건',0),
(450,9,'허경민',0),
(451,10,'허인서',0),
(452,9,'헤이수스',0),
(453,8,'현원회',0),
(454,6,'홍민규',0),
(455,3,'홍민기',0),
(456,4,'홍원빈',0),
(457,4,'홍종표',0),
(458,2,'홍창기',0),
(459,5,'홍현빈',0),
(460,8,'화이트',0),
(461,4,'황대인',0),
(462,5,'황동재',0),
(463,4,'황동하',0),
(464,3,'황성빈',0),
(465,10,'황영묵',0),
(466,9,'황재균',0),
(467,10,'황준서',0),
(468,5,'후라도',0);
/*!40000 ALTER TABLE `players` ENABLE KEYS */;
UNLOCK TABLES;

--
-- Table structure for table `positioned`
--

DROP TABLE IF EXISTS `positioned`;
/*!40101 SET @saved_cs_client     = @@character_set_client */;
/*!40101 SET character_set_client = utf8mb4 */;
CREATE TABLE `positioned` (
  `id` bigint(20) NOT NULL AUTO_INCREMENT,
  `players_id` bigint(20) NOT NULL,
  `name` enum('batter','pitcher') NOT NULL,
  PRIMARY KEY (`id`),
  KEY `players_id` (`players_id`),
  CONSTRAINT `positioned_ibfk_1` FOREIGN KEY (`players_id`) REFERENCES `players` (`id`)
) ENGINE=InnoDB AUTO_INCREMENT=512 DEFAULT CHARSET=utf8mb4 COLLATE=utf8mb4_uca1400_ai_ci;
/*!40101 SET character_set_client = @saved_cs_client */;

--
-- Dumping data for table `positioned`
--

LOCK TABLES `positioned` WRITE;
/*!40000 ALTER TABLE `positioned` DISABLE KEYS */;
INSERT INTO `positioned` VALUES
(1,7,'batter'),
(2,33,'batter'),
(3,37,'batter'),
(4,42,'batter'),
(5,48,'batter'),
(6,52,'batter'),
(7,78,'batter'),
(8,86,'batter'),
(9,94,'batter'),
(10,114,'batter'),
(11,134,'batter'),
(12,148,'batter'),
(13,156,'batter'),
(14,169,'batter'),
(15,181,'batter'),
(16,182,'batter'),
(17,185,'batter'),
(18,241,'batter'),
(19,242,'batter'),
(20,251,'batter'),
(21,253,'batter'),
(22,299,'batter'),
(23,310,'batter'),
(24,339,'batter'),
(25,347,'batter'),
(26,354,'batter'),
(27,367,'batter'),
(28,384,'batter'),
(29,425,'batter'),
(30,428,'batter'),
(31,6,'batter'),
(32,11,'batter'),
(33,18,'batter'),
(34,44,'batter'),
(35,49,'batter'),
(36,74,'batter'),
(37,119,'batter'),
(38,128,'batter'),
(39,165,'batter'),
(40,173,'batter'),
(41,183,'batter'),
(42,186,'batter'),
(43,209,'batter'),
(44,215,'batter'),
(45,274,'batter'),
(46,281,'batter'),
(47,312,'batter'),
(48,329,'batter'),
(49,334,'batter'),
(50,345,'batter'),
(51,355,'batter'),
(52,361,'batter'),
(53,366,'batter'),
(54,371,'batter'),
(55,374,'batter'),
(56,378,'batter'),
(57,383,'batter'),
(58,422,'batter'),
(59,446,'batter'),
(60,464,'batter'),
(61,4,'batter'),
(62,19,'batter'),
(63,65,'batter'),
(64,72,'batter'),
(65,80,'batter'),
(66,84,'batter'),
(67,95,'batter'),
(68,103,'batter'),
(69,107,'batter'),
(70,110,'batter'),
(71,115,'batter'),
(72,125,'batter'),
(73,132,'batter'),
(74,157,'batter'),
(75,164,'batter'),
(76,196,'batter'),
(77,231,'batter'),
(78,233,'batter'),
(79,240,'batter'),
(80,279,'batter'),
(81,285,'batter'),
(82,294,'batter'),
(83,300,'batter'),
(84,315,'batter'),
(85,316,'batter'),
(86,327,'batter'),
(87,333,'batter'),
(88,356,'batter'),
(89,448,'batter'),
(90,459,'batter'),
(91,8,'batter'),
(92,12,'batter'),
(93,23,'batter'),
(94,30,'batter'),
(95,41,'batter'),
(96,43,'batter'),
(97,73,'batter'),
(98,85,'batter'),
(99,105,'batter'),
(100,163,'batter'),
(101,180,'batter'),
(102,199,'batter'),
(103,218,'batter'),
(104,224,'batter'),
(105,247,'batter'),
(106,252,'batter'),
(107,256,'batter'),
(108,269,'batter'),
(109,305,'batter'),
(110,309,'batter'),
(111,313,'batter'),
(112,320,'batter'),
(113,332,'batter'),
(114,336,'batter'),
(115,341,'batter'),
(116,348,'batter'),
(117,363,'batter'),
(118,414,'batter'),
(119,427,'batter'),
(120,433,'batter'),
(121,20,'batter'),
(122,58,'batter'),
(123,68,'batter'),
(124,79,'batter'),
(125,104,'batter'),
(126,122,'batter'),
(127,145,'batter'),
(128,230,'batter'),
(129,236,'batter'),
(130,275,'batter'),
(131,290,'batter'),
(132,293,'batter'),
(133,298,'batter'),
(134,302,'batter'),
(135,314,'batter'),
(136,326,'batter'),
(137,340,'batter'),
(138,368,'batter'),
(139,380,'batter'),
(140,391,'batter'),
(141,408,'batter'),
(142,409,'batter'),
(143,434,'batter'),
(144,437,'batter'),
(145,451,'batter'),
(146,465,'batter'),
(147,32,'batter'),
(148,36,'batter'),
(149,39,'batter'),
(150,59,'batter'),
(151,61,'batter'),
(152,102,'batter'),
(153,113,'batter'),
(154,118,'batter'),
(155,153,'batter'),
(156,174,'batter'),
(157,176,'batter'),
(158,188,'batter'),
(159,200,'batter'),
(160,201,'batter'),
(161,255,'batter'),
(162,273,'batter'),
(163,280,'batter'),
(164,307,'batter'),
(165,372,'batter'),
(166,373,'batter'),
(167,406,'batter'),
(168,411,'batter'),
(169,424,'batter'),
(170,440,'batter'),
(171,445,'batter'),
(172,457,'batter'),
(173,461,'batter'),
(174,463,'batter'),
(175,3,'batter'),
(176,5,'batter'),
(177,9,'batter'),
(178,21,'batter'),
(179,29,'batter'),
(180,55,'batter'),
(181,56,'batter'),
(182,131,'batter'),
(183,140,'batter'),
(184,147,'batter'),
(185,154,'batter'),
(186,171,'batter'),
(187,195,'batter'),
(188,217,'batter'),
(189,235,'batter'),
(190,237,'batter'),
(191,261,'batter'),
(192,278,'batter'),
(193,286,'batter'),
(194,317,'batter'),
(195,318,'batter'),
(196,346,'batter'),
(197,350,'batter'),
(198,351,'batter'),
(199,379,'batter'),
(200,393,'batter'),
(201,399,'batter'),
(202,450,'batter'),
(203,466,'batter'),
(204,17,'batter'),
(205,50,'batter'),
(206,63,'batter'),
(207,71,'batter'),
(208,91,'batter'),
(209,96,'batter'),
(210,111,'batter'),
(211,139,'batter'),
(212,141,'batter'),
(213,144,'batter'),
(214,149,'batter'),
(215,151,'batter'),
(216,152,'batter'),
(217,191,'batter'),
(218,211,'batter'),
(219,225,'batter'),
(220,226,'batter'),
(221,257,'batter'),
(222,262,'batter'),
(223,266,'batter'),
(224,303,'batter'),
(225,308,'batter'),
(226,319,'batter'),
(227,324,'batter'),
(228,352,'batter'),
(229,401,'batter'),
(230,405,'batter'),
(231,449,'batter'),
(232,458,'batter'),
(233,24,'batter'),
(234,54,'batter'),
(235,64,'batter'),
(236,69,'batter'),
(237,88,'batter'),
(238,93,'batter'),
(239,109,'batter'),
(240,112,'batter'),
(241,116,'batter'),
(242,123,'batter'),
(243,124,'batter'),
(244,133,'batter'),
(245,146,'batter'),
(246,155,'batter'),
(247,161,'batter'),
(248,167,'batter'),
(249,170,'batter'),
(250,190,'batter'),
(251,194,'batter'),
(252,203,'batter'),
(253,210,'batter'),
(254,213,'batter'),
(255,220,'batter'),
(256,234,'batter'),
(257,259,'batter'),
(258,377,'batter'),
(259,394,'batter'),
(260,412,'batter'),
(261,439,'batter'),
(262,444,'batter'),
(263,10,'batter'),
(264,28,'batter'),
(265,66,'batter'),
(266,67,'batter'),
(267,99,'batter'),
(268,100,'batter'),
(269,121,'batter'),
(270,136,'batter'),
(271,159,'batter'),
(272,184,'batter'),
(273,204,'batter'),
(274,228,'batter'),
(275,232,'batter'),
(276,249,'batter'),
(277,263,'batter'),
(278,291,'batter'),
(279,311,'batter'),
(280,325,'batter'),
(281,370,'batter'),
(282,375,'batter'),
(283,381,'batter'),
(284,387,'batter'),
(285,392,'batter'),
(286,398,'batter'),
(287,410,'batter'),
(288,416,'batter'),
(289,420,'batter'),
(290,436,'batter'),
(291,442,'batter'),
(292,453,'batter'),
(293,14,'pitcher'),
(294,16,'pitcher'),
(295,45,'pitcher'),
(296,47,'pitcher'),
(297,75,'pitcher'),
(298,87,'pitcher'),
(299,108,'pitcher'),
(300,175,'pitcher'),
(301,189,'pitcher'),
(302,243,'pitcher'),
(303,304,'pitcher'),
(304,353,'pitcher'),
(305,396,'pitcher'),
(306,402,'pitcher'),
(307,413,'pitcher'),
(308,417,'pitcher'),
(309,418,'pitcher'),
(310,430,'pitcher'),
(311,454,'pitcher'),
(312,1,'pitcher'),
(313,26,'pitcher'),
(314,97,'pitcher'),
(315,117,'pitcher'),
(316,160,'pitcher'),
(317,162,'pitcher'),
(318,166,'pitcher'),
(319,187,'pitcher'),
(320,192,'pitcher'),
(321,223,'pitcher'),
(322,283,'pitcher'),
(323,292,'pitcher'),
(324,369,'pitcher'),
(325,415,'pitcher'),
(326,447,'pitcher'),
(327,455,'pitcher'),
(328,38,'pitcher'),
(329,83,'pitcher'),
(330,127,'pitcher'),
(331,198,'pitcher'),
(332,222,'pitcher'),
(333,245,'pitcher'),
(334,258,'pitcher'),
(335,272,'pitcher'),
(336,297,'pitcher'),
(337,301,'pitcher'),
(338,344,'pitcher'),
(339,365,'pitcher'),
(340,407,'pitcher'),
(341,462,'pitcher'),
(342,468,'pitcher'),
(343,57,'pitcher'),
(344,60,'pitcher'),
(345,62,'pitcher'),
(346,70,'pitcher'),
(347,77,'pitcher'),
(348,130,'pitcher'),
(349,172,'pitcher'),
(350,177,'pitcher'),
(351,179,'pitcher'),
(352,214,'pitcher'),
(353,216,'pitcher'),
(354,238,'pitcher'),
(355,244,'pitcher'),
(356,254,'pitcher'),
(357,271,'pitcher'),
(358,282,'pitcher'),
(359,288,'pitcher'),
(360,289,'pitcher'),
(361,322,'pitcher'),
(362,342,'pitcher'),
(363,362,'pitcher'),
(364,376,'pitcher'),
(365,385,'pitcher'),
(366,389,'pitcher'),
(367,435,'pitcher'),
(368,22,'pitcher'),
(369,53,'pitcher'),
(370,89,'pitcher'),
(371,135,'pitcher'),
(372,138,'pitcher'),
(373,158,'pitcher'),
(374,248,'pitcher'),
(375,265,'pitcher'),
(376,270,'pitcher'),
(377,295,'pitcher'),
(378,330,'pitcher'),
(379,390,'pitcher'),
(380,432,'pitcher'),
(381,441,'pitcher'),
(382,467,'pitcher'),
(383,15,'pitcher'),
(384,27,'pitcher'),
(385,34,'pitcher'),
(386,40,'pitcher'),
(387,51,'pitcher'),
(388,120,'pitcher'),
(389,206,'pitcher'),
(390,246,'pitcher'),
(391,264,'pitcher'),
(392,276,'pitcher'),
(393,284,'pitcher'),
(394,287,'pitcher'),
(395,321,'pitcher'),
(396,331,'pitcher'),
(397,335,'pitcher'),
(398,349,'pitcher'),
(399,358,'pitcher'),
(400,382,'pitcher'),
(401,419,'pitcher'),
(402,456,'pitcher'),
(403,2,'pitcher'),
(404,13,'pitcher'),
(405,82,'pitcher'),
(406,143,'pitcher'),
(407,207,'pitcher'),
(408,208,'pitcher'),
(409,260,'pitcher'),
(410,267,'pitcher'),
(411,268,'pitcher'),
(412,296,'pitcher'),
(413,328,'pitcher'),
(414,360,'pitcher'),
(415,386,'pitcher'),
(416,388,'pitcher'),
(417,395,'pitcher'),
(418,403,'pitcher'),
(419,431,'pitcher'),
(420,452,'pitcher'),
(421,25,'pitcher'),
(422,76,'pitcher'),
(423,90,'pitcher'),
(424,92,'pitcher'),
(425,193,'pitcher'),
(426,197,'pitcher'),
(427,205,'pitcher'),
(428,212,'pitcher'),
(429,219,'pitcher'),
(430,250,'pitcher'),
(431,277,'pitcher'),
(432,343,'pitcher'),
(433,421,'pitcher'),
(434,426,'pitcher'),
(435,429,'pitcher'),
(436,35,'pitcher'),
(437,81,'pitcher'),
(438,98,'pitcher'),
(439,101,'pitcher'),
(440,106,'pitcher'),
(441,126,'pitcher'),
(442,129,'pitcher'),
(443,137,'pitcher'),
(444,227,'pitcher'),
(445,229,'pitcher'),
(446,306,'pitcher'),
(447,323,'pitcher'),
(448,337,'pitcher'),
(449,338,'pitcher'),
(450,357,'pitcher'),
(451,400,'pitcher'),
(452,404,'pitcher'),
(453,443,'pitcher'),
(454,31,'pitcher'),
(455,46,'pitcher'),
(456,142,'pitcher'),
(457,150,'pitcher'),
(458,168,'pitcher'),
(459,178,'pitcher'),
(460,202,'pitcher'),
(461,221,'pitcher'),
(462,239,'pitcher'),
(463,359,'pitcher'),
(464,364,'pitcher'),
(465,397,'pitcher'),
(466,423,'pitcher'),
(467,438,'pitcher'),
(468,460,'pitcher');
/*!40000 ALTER TABLE `positioned` ENABLE KEYS */;
UNLOCK TABLES;

--
-- Table structure for table `temp_pitcherstats`
--

DROP TABLE IF EXISTS `temp_pitcherstats`;
/*!40101 SET @saved_cs_client     = @@character_set_client */;
/*!40101 SET character_set_client = utf8mb4 */;
CREATE TABLE `temp_pitcherstats` (
  `players_name` varchar(30) NOT NULL,
  `ERA` decimal(5,3) DEFAULT NULL,
  `G` int(11) NOT NULL,
  `W` int(11) DEFAULT NULL,
  `L` int(11) DEFAULT NULL,
  `SV` int(11) DEFAULT NULL,
  `HLD` int(11) DEFAULT NULL,
  `WLCT` decimal(4,3) DEFAULT NULL,
  `IP` varchar(10) DEFAULT NULL,
  `H` int(11) DEFAULT NULL,
  `HR` int(11) DEFAULT NULL,
  `BB` int(11) DEFAULT NULL,
  `HBP` int(11) DEFAULT NULL,
  `SO` int(11) DEFAULT NULL,
  `R` int(11) DEFAULT NULL,
  `ER` int(11) DEFAULT NULL,
  `WHIP` varchar(10) DEFAULT NULL,
  `CG` int(11) DEFAULT NULL,
  `SHO` int(11) DEFAULT NULL,
  `QS` int(11) DEFAULT NULL,
  `BSV` int(11) DEFAULT NULL,
  `TBF` int(11) DEFAULT NULL,
  `NP` int(11) DEFAULT NULL,
  `AVG` decimal(4,3) DEFAULT NULL,
  `2B` int(11) DEFAULT NULL,
  `3B` int(11) DEFAULT NULL,
  `SAC` int(11) DEFAULT NULL,
  `SF` int(11) DEFAULT NULL,
  `IBB` int(11) DEFAULT NULL,
  `WP` int(11) DEFAULT NULL,
  `BK` int(11) DEFAULT NULL
) ENGINE=InnoDB DEFAULT CHARSET=utf8mb4 COLLATE=utf8mb4_uca1400_ai_ci;
/*!40101 SET character_set_client = @saved_cs_client */;

--
-- Dumping data for table `temp_pitcherstats`
--

LOCK TABLES `temp_pitcherstats` WRITE;
/*!40000 ALTER TABLE `temp_pitcherstats` DISABLE KEYS */;
INSERT INTO `temp_pitcherstats` VALUES
('고효준',6.970,17,0,1,0,3,0.000,'10 1/3',14,2,6,0,6,8,8,'1.94',0,0,0,0,48,200,0.341,1,0,1,0,0,3,0),
('곽빈',9.000,1,0,1,0,0,0.000,'3',1,0,4,1,6,3,3,'1.67',0,0,0,0,15,66,0.111,1,0,0,1,0,2,0),
('김명신',5.400,8,0,0,0,0,0.000,'8 1/3',13,0,3,1,6,8,5,'1.92',0,0,0,0,43,202,0.342,3,1,0,1,0,1,0),
('김민규',0.000,6,1,0,0,0,1.000,'6 2/3',4,0,4,3,5,0,0,'1.2',0,0,0,0,31,141,0.174,1,0,0,1,0,0,0),
('김유성',9.000,5,0,2,0,0,0.000,'13',13,2,11,3,14,13,13,'1.85',0,0,0,0,64,288,0.260,1,0,0,0,0,1,0),
('김정우',3.380,4,0,0,0,0,0.000,'5 1/3',7,0,2,1,4,3,2,'1.69',0,0,0,0,28,91,0.304,0,0,2,0,0,1,0),
('김택연',2.890,25,0,0,8,0,0.000,'28',18,3,9,1,34,13,9,'0.96',0,0,0,3,112,475,0.184,2,0,3,1,0,3,0),
('박정수',6.350,15,1,0,0,2,1.000,'11 1/3',16,0,6,1,7,9,8,'1.94',0,0,0,0,56,195,0.364,2,0,3,2,1,0,0),
('박치국',3.540,32,1,1,1,4,0.500,'28',29,1,7,4,29,16,11,'1.29',0,0,0,1,123,477,0.266,7,0,2,1,0,0,0),
('양재훈',5.190,6,0,0,0,0,0.000,'8 2/3',9,0,3,0,6,5,5,'1.38',0,0,0,0,38,150,0.265,3,0,0,1,0,0,0),
('이영하',3.680,30,3,3,0,4,0.500,'29 1/3',27,2,16,1,32,12,12,'1.47',0,0,0,2,129,488,0.248,5,0,3,0,0,4,0),
('잭로그',3.130,12,3,5,0,0,0.375,'72',54,1,20,5,72,28,25,'1.03',0,0,7,0,291,1086,0.208,10,1,5,1,0,2,0),
('최민석',2.570,3,1,1,0,0,0.500,'14',9,0,9,0,9,6,4,'1.29',0,0,0,0,60,249,0.176,2,0,0,0,0,2,0),
('최승용',3.860,11,3,3,0,0,0.500,'58 1/3',56,5,21,4,42,25,25,'1.32',0,0,5,0,251,978,0.249,9,0,1,0,0,2,0),
('최종인',5.400,3,0,0,0,0,0.000,'1 2/3',1,0,3,0,5,1,1,'2.4',0,0,0,0,9,46,0.167,0,0,0,0,0,2,0),
('최준호',8.620,8,1,2,0,0,0.333,'15 2/3',18,4,9,2,10,15,15,'1.72',0,0,0,0,73,301,0.295,5,0,0,1,0,2,0),
('최지강',4.660,21,2,3,0,3,0.400,'19 1/3',19,2,3,1,23,10,10,'1.14',0,0,0,3,80,303,0.257,2,0,2,0,0,1,0),
('콜어빈',4.280,12,5,5,0,0,0.500,'67 1/3',53,2,35,11,54,36,32,'1.31',0,0,7,0,292,1102,0.226,8,2,7,5,0,2,0),
('홍민규',4.450,16,2,1,1,0,0.667,'28 1/3',30,4,11,1,17,16,14,'1.45',0,0,0,0,126,492,0.268,6,0,0,2,0,4,0),
('감보아',3.090,2,1,1,0,0,0.500,'11 2/3',7,0,2,2,15,4,4,'0.77',0,0,1,0,47,188,0.163,0,0,0,0,0,1,0),
('김강현',3.730,29,1,2,0,0,0.333,'31 1/3',26,3,13,3,21,17,13,'1.24',0,0,0,0,137,570,0.218,5,0,1,1,0,1,0),
('김진욱',8.510,10,1,3,0,0,0.250,'24 1/3',31,7,14,1,23,24,23,'1.85',0,0,1,1,115,461,0.320,5,0,2,1,0,0,0),
('나균안',4.940,11,0,3,0,0,0.000,'54 2/3',64,6,30,2,41,35,30,'1.72',0,0,2,0,259,1015,0.286,8,0,2,1,0,3,0),
('박세웅',3.690,13,8,4,0,0,0.667,'78',71,4,31,6,85,37,32,'1.31',0,0,7,0,340,1323,0.238,17,1,4,1,0,7,1),
('박세현',14.730,3,0,0,0,0,0.000,'3 2/3',8,1,1,1,4,6,6,'2.45',0,0,0,0,21,65,0.421,5,0,0,0,0,0,0),
('박시영',9.950,10,1,0,0,0,1.000,'6 1/3',7,0,8,1,8,7,7,'2.37',0,0,0,0,35,145,0.269,2,0,0,0,0,0,0),
('박진형',16.880,4,0,0,0,0,0.000,'2 2/3',6,1,3,0,3,5,5,'3.38',0,0,0,0,17,65,0.429,2,0,0,0,0,0,0),
('반즈',5.320,8,3,4,0,0,0.429,'45 2/3',47,4,17,2,38,31,27,'1.4',0,0,3,0,204,761,0.258,14,2,2,1,0,2,0),
('송재영',4.150,34,1,0,0,3,1.000,'17 1/3',9,2,17,0,18,8,8,'1.5',0,0,0,0,76,303,0.155,2,0,1,0,0,2,0),
('윤성빈',81.000,1,0,1,0,0,0.000,'1',4,0,6,1,2,9,9,'10',0,0,0,0,14,54,0.571,0,0,0,0,0,0,0),
('이민석',5.330,5,1,1,0,0,0.500,'25 1/3',27,4,10,1,16,15,15,'1.46',0,0,1,0,113,445,0.267,4,0,1,0,0,0,0),
('정우준',0.000,2,0,0,0,0,0.000,'1 1/3',2,0,0,1,2,0,0,'1.5',0,0,0,0,7,28,0.333,1,0,0,0,0,0,0),
('최준용',5.190,8,0,0,0,2,0.000,'8 2/3',6,1,4,0,11,5,5,'1.15',0,0,0,0,36,143,0.188,2,0,0,0,0,1,0),
('한현희',6.230,3,0,0,0,1,0.000,'8 2/3',13,2,2,1,8,6,6,'1.73',0,0,0,0,41,161,0.342,2,0,0,0,0,1,0),
('홍민기',0.000,2,0,0,0,0,0.000,'2',2,0,1,0,1,0,0,'1.5',0,0,0,0,7,25,0.333,1,0,0,0,0,0,0),
('김대호',6.430,3,0,0,0,0,0.000,'7',8,1,10,1,6,6,5,'2.57',0,0,0,0,40,147,0.308,0,0,1,2,0,0,0),
('김재윤',6.390,27,2,3,5,2,0.400,'25 1/3',25,5,5,0,18,18,18,'1.18',0,0,0,2,103,411,0.258,4,1,0,1,0,0,0),
('레예스',3.640,9,4,3,0,0,0.571,'47',45,4,10,3,32,22,19,'1.17',0,0,2,0,199,773,0.250,6,1,3,3,0,0,0),
('백정현',1.950,29,2,0,1,3,1.000,'32 1/3',19,1,7,2,31,7,7,'0.8',0,0,0,2,128,505,0.165,6,0,2,2,0,0,0),
('송은범',4.500,5,0,0,0,0,0.000,'6',9,0,3,0,2,3,3,'2',0,0,0,0,28,93,0.375,2,0,1,0,0,3,0),
('양창섭',5.540,11,1,1,0,0,0.500,'13',19,1,5,3,11,9,8,'1.85',0,0,0,0,66,251,0.345,3,0,2,1,0,1,0),
('오승환',0.000,1,0,0,0,0,0.000,'01월 03일',1,0,1,0,0,0,0,'6',0,0,0,0,3,11,0.500,1,0,0,0,0,0,0),
('원태인',2.550,11,4,2,0,0,0.667,'67',59,5,8,2,51,20,19,'1',0,0,8,0,267,1028,0.238,17,1,5,4,0,0,0),
('이상민',0.000,1,0,0,0,0,0.000,'1',2,0,0,0,1,0,0,'2',0,0,0,0,5,12,0.400,0,0,0,0,0,0,0),
('이승민',3.100,17,1,0,0,0,1.000,'20 1/3',22,2,5,2,22,9,7,'1.33',0,0,0,0,90,337,0.275,6,0,3,0,0,0,0),
('임창민',4.500,12,1,0,0,2,1.000,'10',12,4,7,1,4,6,5,'1.9',0,0,0,0,50,216,0.300,2,0,1,1,1,0,0),
('정민성',36.000,1,0,1,0,0,0.000,'1',3,0,0,2,0,4,4,'3',0,0,0,0,7,23,0.600,2,1,0,0,0,1,0),
('최원태',5.140,11,4,3,0,0,0.571,'56',57,5,29,3,57,33,32,'1.54',0,0,3,0,254,994,0.268,8,0,5,4,0,2,0),
('황동재',5.060,8,0,0,0,0,0.000,'10 2/3',9,0,8,2,13,6,6,'1.59',0,0,0,0,51,210,0.225,0,0,0,1,0,1,0),
('후라도',2.710,13,5,5,0,0,0.500,'83',82,8,18,2,63,27,25,'1.2',1,0,11,0,342,1304,0.256,5,1,1,1,0,0,0),
('김서준',20.250,4,0,0,0,0,0.000,'5 1/3',14,2,5,0,4,12,12,'3.56',0,0,0,0,34,123,0.500,5,0,0,1,0,1,0),
('김선기',5.270,19,1,5,0,0,0.167,'41',49,3,26,8,25,27,24,'1.83',0,0,0,0,203,755,0.297,9,0,2,2,0,1,0),
('김성민',4.430,24,0,2,0,1,0.000,'20 1/3',18,1,10,3,12,12,10,'1.38',0,0,0,1,88,317,0.243,2,3,0,1,0,0,0),
('김연주',5.560,12,1,2,0,0,0.333,'34',42,5,13,5,18,22,21,'1.62',0,0,0,0,159,612,0.304,10,1,0,3,0,0,0),
('김윤하',6.590,12,0,9,0,0,0.000,'57 1/3',79,8,29,2,32,52,42,'1.88',0,0,3,0,280,1108,0.324,14,1,2,3,0,2,0),
('로젠버그',3.330,12,4,4,0,0,0.500,'70 1/3',60,5,22,4,77,32,26,'1.17',0,0,6,0,299,1186,0.223,12,1,3,1,0,2,0),
('박윤성',5.000,21,0,5,1,3,0.000,'18',21,3,7,0,17,13,10,'1.56',0,0,0,2,80,323,0.292,5,0,1,0,0,3,1),
('박정훈',3.000,3,0,0,0,0,0.000,'3',3,0,3,0,0,1,1,'2',0,0,0,0,15,51,0.273,1,0,0,1,0,0,0),
('박주성',7.360,9,0,0,0,0,0.000,'22',30,2,6,2,11,19,18,'1.64',0,0,0,0,102,361,0.330,6,2,1,2,0,2,0),
('손현기',15.000,2,0,0,0,0,0.000,'3',4,1,6,1,1,5,5,'3.33',0,0,0,0,18,78,0.364,1,0,0,0,0,1,0),
('손힘찬',11.250,4,0,0,0,0,0.000,'4',5,0,4,1,4,5,5,'2.25',0,0,0,0,22,84,0.294,2,0,0,0,0,1,0),
('알칸타라',0.000,1,1,0,0,0,1.000,'6',6,0,1,1,4,0,0,'1.17',0,0,1,0,26,98,0.250,3,0,0,0,0,0,0),
('양지율',8.360,18,0,2,0,1,0.000,'14',18,3,7,3,10,13,13,'1.79',0,0,0,0,69,268,0.305,1,2,0,0,0,1,0),
('오석주',6.750,24,0,0,0,3,0.000,'25 1/3',36,2,11,2,19,19,19,'1.86',0,0,0,0,118,480,0.353,5,1,1,2,0,1,0),
('원종현',6.260,25,0,1,3,3,0.000,'23',33,3,9,1,14,19,16,'1.83',0,0,0,1,110,375,0.359,4,2,6,2,2,2,0),
('윤석원',24.750,4,0,0,0,0,0.000,'4',9,1,4,1,2,11,11,'3.25',0,0,0,0,26,105,0.474,3,0,1,1,1,0,0),
('윤현',6.750,15,2,1,0,0,0.667,'20',26,2,17,4,13,22,15,'2.15',0,0,0,1,107,435,0.310,3,1,0,2,0,3,0),
('이강준',5.230,24,0,2,0,2,0.000,'20 2/3',22,2,11,2,20,16,12,'1.6',0,0,0,0,95,384,0.272,4,0,1,0,0,2,0),
('이준우',4.730,18,0,2,0,2,0.000,'13 1/3',17,1,7,1,12,7,7,'1.8',0,0,0,0,65,248,0.304,4,1,1,0,0,0,0),
('임진묵',27.000,2,0,0,0,0,0.000,'1 1/3',4,0,3,0,0,5,4,'5.25',0,0,0,0,12,44,0.444,2,0,0,0,0,1,0),
('전준표',12.150,7,0,0,0,0,0.000,'6 2/3',15,0,6,1,7,9,9,'3.15',0,0,0,0,41,156,0.441,4,0,0,0,1,0,0),
('정현우',4.800,3,2,0,0,0,1.000,'15',19,1,13,0,11,10,8,'2.13',0,0,0,0,74,307,0.317,6,0,1,0,0,1,0),
('조영건',7.610,11,0,3,0,0,0.000,'36 2/3',46,7,17,2,21,31,31,'1.72',0,0,0,0,172,634,0.305,11,1,0,2,0,3,0),
('주승우',2.490,19,2,1,8,3,0.667,'21 2/3',15,5,6,0,17,6,6,'0.97',0,0,0,0,84,323,0.192,1,0,0,0,0,0,0),
('하영민',5.120,12,4,6,0,0,0.400,'65',76,5,24,2,65,38,37,'1.54',0,0,6,0,292,1114,0.290,8,1,4,0,1,2,0),
('권민규',8.440,5,0,0,0,0,0.000,'5 1/3',5,1,7,0,4,5,5,'2.25',0,0,0,0,28,129,0.250,1,0,0,1,0,0,0),
('김범수',2.570,25,0,0,1,2,0.000,'14',11,0,6,1,18,6,4,'1.21',0,0,0,0,61,249,0.208,2,0,1,0,0,0,0),
('김종수',3.270,25,1,4,0,2,0.200,'22',20,0,14,4,22,9,8,'1.55',0,0,0,0,100,391,0.247,7,0,1,0,0,0,1),
('류현진',3.120,12,5,2,0,0,0.714,'66 1/3',63,5,16,1,54,24,23,'1.19',0,0,6,0,270,1059,0.251,5,1,2,0,2,0,0),
('문동주',3.680,10,5,2,0,0,0.714,'51 1/3',44,2,13,3,56,23,21,'1.11',1,0,4,0,211,806,0.229,8,2,0,3,0,4,0),
('박상원',2.790,32,4,2,0,8,0.667,'29',24,2,10,5,23,11,9,'1.17',0,0,0,0,124,474,0.224,7,0,1,1,0,1,0),
('엄상백',6.270,9,1,4,0,0,0.200,'37 1/3',51,6,16,6,29,26,26,'1.79',0,0,1,0,179,716,0.331,8,1,1,2,0,1,0),
('와이스',3.360,13,7,2,0,0,0.778,'80 1/3',64,9,21,4,90,31,30,'1.06',0,0,9,0,328,1300,0.213,10,0,0,3,0,3,1),
('원종혁',16.200,2,0,0,0,0,0.000,'1 2/3',3,1,2,0,1,3,3,'3',0,0,0,0,10,37,0.429,0,0,0,1,0,0,0),
('이상규',10.800,3,0,1,0,0,0.000,'5',12,0,3,0,2,7,6,'3',0,0,0,0,30,92,0.444,1,1,0,0,0,0,0),
('이태양',4.700,9,0,1,0,0,0.000,'7 2/3',10,0,4,0,5,4,4,'1.83',0,0,0,0,35,115,0.333,4,0,1,0,1,0,0),
('주현상',4.050,14,0,1,1,2,0.000,'13 1/3',18,2,4,1,11,6,6,'1.65',0,0,0,0,62,244,0.321,2,0,1,0,0,0,0),
('폰세',1.800,13,9,0,0,0,1.000,'85',52,4,20,1,112,18,17,'0.85',0,0,9,0,319,1297,0.177,7,0,1,3,0,4,3),
('한승혁',2.600,30,1,2,1,9,0.333,'27 2/3',24,2,11,3,22,10,8,'1.27',0,0,0,3,120,462,0.229,3,1,1,0,0,3,0),
('황준서',5.140,3,0,2,0,0,0.000,'14',9,1,10,1,11,9,8,'1.36',0,0,0,0,60,234,0.184,3,0,0,0,0,0,0),
('곽도규',13.500,9,0,0,0,3,0.000,'4',3,0,6,2,5,6,6,'2.25',0,0,0,1,22,99,0.214,0,0,0,0,0,1,0),
('김건국',7.530,11,0,0,0,0,0.000,'14 1/3',18,2,9,1,11,12,12,'1.88',0,0,0,1,70,265,0.310,2,0,0,2,0,3,0),
('김기훈',3.860,4,0,0,0,0,0.000,'2 1/3',6,0,2,0,0,1,1,'3.43',0,0,0,0,14,56,0.500,2,0,0,0,0,1,0),
('김도현',3.360,11,2,3,0,0,0.400,'61 2/3',65,5,17,4,36,30,23,'1.33',0,0,5,0,269,1008,0.269,15,1,3,3,0,3,1),
('김민재',0.000,1,0,0,0,0,0.000,'2',2,0,0,0,1,0,0,'1',0,0,0,0,8,21,0.250,0,0,0,0,0,0,0),
('네일',2.770,13,4,1,0,0,0.800,'78',70,2,20,9,71,24,24,'1.15',0,0,8,0,322,1191,0.243,12,1,3,2,0,2,0),
('성영탁',0.000,6,0,0,0,1,0.000,'7',3,0,3,0,2,0,0,'0.86',0,0,0,0,28,95,0.125,1,0,1,0,0,1,0),
('양현종',4.900,12,4,4,0,0,0.500,'64 1/3',74,3,27,2,51,41,35,'1.57',0,0,4,0,287,1043,0.292,12,3,3,2,0,3,0),
('올러',3.040,12,6,2,0,0,0.750,'71',54,3,15,4,77,27,24,'0.97',0,0,9,0,287,1179,0.208,15,1,4,4,0,2,0),
('유승철',4.500,1,0,0,0,0,0.000,'2',3,0,2,0,3,1,1,'2.5',0,0,0,0,11,40,0.333,0,0,0,0,0,1,0),
('윤영철',6.750,7,0,5,0,0,0.000,'24',27,3,21,1,19,22,18,'2',0,0,0,0,120,456,0.278,2,0,0,1,0,2,0),
('윤중현',2.700,11,1,0,0,0,1.000,'10',9,2,5,0,7,3,3,'1.4',0,0,0,0,44,141,0.237,4,0,1,0,2,0,0),
('이준영',3.790,30,2,0,0,5,1.000,'19',19,2,6,0,20,8,8,'1.32',0,0,0,1,78,300,0.264,5,0,0,0,2,0,0),
('이형범',14.290,6,0,0,0,0,0.000,'5 2/3',15,0,4,0,3,12,9,'3.35',0,0,0,0,36,137,0.517,5,1,1,2,1,0,0),
('임기영',15.190,7,0,1,0,0,0.000,'5 1/3',13,2,4,0,3,9,9,'3.19',0,0,0,0,32,116,0.481,4,0,1,0,0,0,0),
('장재혁',6.000,3,0,0,0,0,0.000,'3',3,1,3,0,2,2,2,'2',0,0,0,0,13,63,0.300,0,0,0,0,0,0,0),
('전상현',4.390,32,3,2,0,8,0.600,'26 2/3',28,1,11,1,17,15,13,'1.46',0,0,0,3,119,453,0.267,6,0,1,1,2,2,0),
('조상우',4.280,32,3,5,0,15,0.375,'27 1/3',27,3,18,0,32,15,13,'1.65',0,0,0,1,124,541,0.257,5,0,0,1,2,1,0),
('최지민',7.270,25,2,1,0,4,0.667,'17 1/3',17,1,21,1,14,15,14,'2.19',0,0,0,0,89,367,0.262,2,0,1,1,0,2,0),
('홍원빈',9.000,1,0,0,0,0,0.000,'1',1,0,1,0,1,1,1,'2',0,0,0,0,5,13,0.333,0,0,0,1,0,0,0),
('강건',12.000,1,0,1,0,0,0.000,'3',2,0,5,0,0,4,4,'2.33',0,0,0,0,16,67,0.250,0,0,2,1,0,0,0),
('고영표',3.040,11,4,4,0,0,0.500,'68',74,2,13,4,70,28,23,'1.28',1,1,8,0,289,1037,0.278,15,0,1,5,1,4,1),
('김재원',10.800,3,0,0,0,0,0.000,'3 1/3',2,0,7,1,3,4,4,'2.7',0,0,0,0,19,83,0.182,0,0,0,0,0,3,0),
('문용익',4.300,13,0,0,0,0,0.000,'14 2/3',11,3,11,0,16,8,7,'1.5',0,0,0,0,65,284,0.212,4,0,1,1,0,0,0),
('소형준',2.230,10,4,2,0,0,0.667,'60 2/3',50,2,16,1,63,17,15,'1.09',0,0,8,0,245,891,0.222,11,1,2,1,1,2,0),
('손동현',0.890,29,3,0,0,10,1.000,'30 1/3',23,2,7,1,29,6,3,'0.99',0,0,0,1,124,451,0.207,5,1,4,1,2,1,0),
('오원석',2.790,12,7,3,0,0,0.700,'67 2/3',56,5,28,4,60,23,21,'1.24',0,0,6,0,279,1088,0.232,8,0,2,4,1,3,0),
('우규민',2.110,25,1,1,0,4,0.500,'21 1/3',20,0,2,1,14,5,5,'1.03',0,0,0,1,89,289,0.244,5,0,4,0,1,0,0),
('원상현',2.080,28,0,1,0,7,0.000,'30 1/3',20,3,15,1,26,8,7,'1.15',0,0,0,0,126,493,0.183,5,0,0,1,2,1,0),
('이상동',0.000,4,0,0,0,0,0.000,'5',2,0,1,1,4,0,0,'0.6',0,0,0,0,17,71,0.143,0,0,1,0,0,0,0),
('이채호',4.820,8,0,0,0,0,0.000,'9 1/3',8,0,4,2,5,5,5,'1.29',0,0,0,0,41,151,0.250,2,2,0,3,1,0,0),
('전용주',0.000,1,0,0,0,0,0.000,'01월 03일',0,0,0,0,0,0,0,'0',0,0,0,0,1,6,0.000,0,0,0,0,0,0,0),
('조이현',5.400,3,1,2,0,0,0.333,'11 2/3',17,2,0,1,3,7,7,'1.46',0,0,0,0,50,173,0.347,2,1,0,0,0,0,0),
('주권',3.090,12,0,0,0,0,0.000,'11 2/3',13,0,4,0,6,4,4,'1.46',0,0,0,0,50,199,0.289,1,0,1,0,0,0,0),
('최동환',12.660,12,0,1,0,0,0.000,'10 2/3',20,3,7,1,6,16,15,'2.53',0,0,0,0,56,202,0.417,3,0,0,0,1,0,0),
('최용준',0.000,1,0,0,0,0,0.000,'1 2/3',2,0,0,0,1,0,0,'1.2',0,0,0,0,7,19,0.286,0,0,0,0,0,0,0),
('쿠에바스',6.360,13,2,6,0,0,0.250,'69 1/3',80,12,33,3,44,54,49,'1.63',0,0,5,0,321,1163,0.286,10,1,4,1,0,3,1),
('헤이수스',2.800,11,4,4,0,0,0.500,'61',55,7,18,1,69,27,19,'1.2',0,0,5,0,261,1011,0.230,8,1,2,1,0,3,0),
('김강률',1.460,12,1,0,1,4,1.000,'12 1/3',7,0,8,1,9,2,2,'1.22',0,0,0,0,51,182,0.167,1,0,0,0,0,0,0),
('김유영',12.460,6,0,0,0,0,0.000,'4 1/3',8,0,4,1,5,6,6,'2.77',0,0,0,0,26,108,0.400,3,0,1,0,0,0,0),
('김종운',5.400,2,0,0,0,0,0.000,'1 2/3',2,2,0,0,2,3,1,'1.2',0,0,0,0,7,31,0.286,0,0,0,0,0,0,0),
('김주온',27.000,1,0,1,0,0,0.000,'01월 03일',0,0,2,2,1,1,1,'6',0,0,0,0,5,23,0.000,0,0,0,0,0,0,0),
('배재준',5.400,11,0,0,0,1,0.000,'11 2/3',9,1,6,1,13,7,7,'1.29',0,0,0,0,51,208,0.209,4,0,0,1,0,1,0),
('백승현',2.610,21,1,0,0,2,1.000,'20 2/3',15,1,20,0,19,6,6,'1.69',0,0,0,0,96,380,0.205,0,0,2,1,0,1,0),
('성동현',8.100,9,0,0,0,0,0.000,'6 2/3',6,1,6,0,5,6,6,'1.8',0,0,0,0,31,132,0.250,0,0,1,0,0,0,0),
('손주영',4.060,12,6,4,0,0,0.600,'64 1/3',60,5,22,2,64,31,29,'1.27',0,0,5,0,266,1056,0.253,6,1,3,2,0,3,0),
('송승기',2.560,11,6,3,0,0,0.667,'63 1/3',48,5,21,0,62,18,18,'1.09',0,0,6,0,259,1025,0.205,9,0,2,2,0,2,0),
('에르난데스',4.320,5,2,2,0,0,0.500,'25',16,4,8,2,26,13,12,'0.96',0,0,3,0,99,398,0.186,5,0,0,3,0,0,0),
('유영찬',0.000,1,0,0,0,0,0.000,'02월 03일',0,0,0,0,1,0,0,'0',0,0,0,0,2,12,0.000,0,0,0,0,0,0,0),
('임찬규',2.630,12,8,1,0,0,0.889,'75 1/3',69,3,22,2,55,23,22,'1.21',1,1,8,0,307,1112,0.248,18,1,2,3,1,0,0),
('최채흥',9.390,4,0,0,0,1,0.000,'7 2/3',13,1,5,0,5,8,8,'2.35',0,0,0,0,40,145,0.382,2,0,0,1,0,1,0),
('치리노스',2.840,12,6,2,0,0,0.750,'73',62,3,15,3,69,24,23,'1.05',0,0,8,0,292,1137,0.227,9,0,1,0,0,1,0),
('코엔 윈',7.040,5,1,1,0,0,0.500,'23',28,4,4,5,8,19,18,'1.39',0,0,1,0,107,408,0.295,7,0,2,1,0,0,0),
('김녹원',5.090,5,0,0,0,1,0.000,'17 2/3',14,1,11,0,9,10,10,'1.42',0,0,0,0,78,290,0.209,2,1,0,0,0,0,0),
('김재열',6.100,21,0,0,0,2,0.000,'20 2/3',30,4,14,1,14,15,14,'2.13',0,0,0,0,104,374,0.353,6,1,2,2,1,2,0),
('김진호',3.600,28,1,0,0,6,1.000,'25',15,2,16,2,24,10,10,'1.24',0,0,0,0,105,446,0.172,1,0,0,0,1,4,1),
('김태경',12.460,3,0,0,0,1,0.000,'4 1/3',8,2,6,1,5,12,6,'3.23',0,0,0,0,29,126,0.381,3,0,1,0,1,1,0),
('김태현',10.130,4,0,0,0,1,0.000,'2 2/3',4,1,3,2,1,3,3,'2.63',0,0,0,0,15,63,0.400,1,0,0,0,0,1,0),
('라일리',3.310,12,7,3,0,0,0.700,'70 2/3',50,7,28,2,87,31,26,'1.1',0,0,7,0,291,1198,0.194,8,0,1,2,0,3,0),
('로건',3.530,13,3,6,0,0,0.333,'71 1/3',67,2,34,6,51,35,28,'1.42',0,0,7,0,321,1264,0.241,14,0,2,1,1,4,0),
('목지훈',7.360,8,2,4,0,0,0.333,'33',37,6,26,2,29,29,27,'1.91',0,0,0,0,160,655,0.282,6,0,1,0,0,6,2),
('신민혁',4.350,10,2,3,0,0,0.400,'49 2/3',48,5,11,1,31,24,24,'1.19',0,0,3,0,206,872,0.250,10,1,0,2,0,2,0),
('신영우',16.200,2,0,0,0,0,0.000,'1 2/3',2,0,4,1,2,3,3,'3.6',0,0,0,0,11,47,0.333,1,0,0,0,0,0,0),
('이용찬',10.240,3,0,2,0,0,0.000,'9 2/3',13,1,8,2,10,11,11,'2.17',0,0,0,0,51,213,0.325,3,0,0,1,0,2,0),
('이준혁',10.130,3,0,0,0,0,0.000,'5 1/3',11,3,1,1,3,6,6,'2.25',0,0,0,0,28,115,0.423,0,0,0,0,0,1,0),
('임상현',18.000,1,0,0,0,0,0.000,'1',2,0,3,0,0,2,2,'5',0,0,0,0,8,34,0.400,1,0,0,0,0,0,0),
('임정호',2.450,6,0,0,0,1,0.000,'3 2/3',1,0,2,0,5,1,1,'0.82',0,0,0,0,14,68,0.083,0,1,0,0,0,0,0),
('전사민',6.390,24,2,4,1,5,0.333,'25 1/3',35,2,12,2,13,20,18,'1.86',0,0,0,4,123,454,0.321,2,2,0,0,0,5,0),
('최성영',5.680,13,2,2,0,2,0.500,'25 1/3',31,3,11,1,17,16,16,'1.66',0,0,0,0,114,464,0.316,5,1,0,4,0,1,1),
('최우석',7.360,3,0,0,0,0,0.000,'3 2/3',6,0,3,0,2,5,3,'2.45',0,0,0,0,21,76,0.353,1,0,1,0,0,1,0),
('한재승',3.120,17,0,1,0,0,0.000,'17 1/3',18,1,19,0,16,9,6,'2.13',0,0,0,0,84,350,0.277,2,0,0,0,0,3,0),
('김광현',3.910,13,4,6,0,0,0.400,'71 1/3',73,6,23,3,71,36,31,'1.35',0,0,5,0,309,1212,0.262,13,1,3,1,1,2,0),
('김민',4.850,31,1,1,0,9,0.500,'26',29,3,7,3,25,16,14,'1.38',0,0,0,4,114,396,0.284,5,0,2,0,1,3,0),
('문승원',3.400,9,3,2,0,0,0.600,'47 2/3',43,5,12,3,21,19,18,'1.15',0,0,3,0,192,747,0.253,11,2,4,3,0,2,0),
('박기호',0.000,4,0,0,0,1,0.000,'5 2/3',2,0,2,1,6,1,0,'0.71',0,0,0,0,23,110,0.100,0,0,0,0,0,0,0),
('박시후',2.950,16,2,0,0,2,1.000,'21 1/3',17,4,9,0,15,7,7,'1.22',0,0,0,0,87,351,0.218,0,0,0,0,1,0,0),
('박종훈',7.110,5,0,2,0,0,0.000,'19',15,4,18,5,10,17,15,'1.74',0,0,1,0,90,370,0.231,1,0,1,1,0,0,0),
('서진용',6.750,2,0,0,0,0,0.000,'1 1/3',1,0,3,0,0,1,1,'3',0,0,0,0,7,27,0.250,0,0,0,0,0,0,0),
('송영진',6.390,8,2,4,0,0,0.333,'31',41,3,17,0,25,24,22,'1.87',0,0,1,0,143,529,0.333,2,0,2,1,0,2,0),
('앤더슨',2.080,12,4,2,0,0,0.667,'69 1/3',48,4,20,4,98,20,16,'0.98',0,0,7,0,279,1141,0.190,8,1,0,3,0,4,0),
('전영준',3.550,3,0,1,0,0,0.000,'12 2/3',15,1,4,0,11,5,5,'1.5',0,0,0,0,56,216,0.288,2,0,0,0,0,1,0),
('정동윤',12.270,4,0,0,0,0,0.000,'7 1/3',9,1,7,0,8,10,10,'2.18',0,0,0,0,38,142,0.290,5,0,0,0,0,0,0),
('최민준',3.380,13,1,0,0,0,1.000,'18 2/3',13,3,9,3,16,7,7,'1.18',0,0,0,0,81,328,0.194,1,0,1,1,0,0,0),
('최현석',8.000,6,0,0,0,0,0.000,'9',9,5,5,1,4,9,8,'1.56',0,0,0,0,41,163,0.257,1,0,0,0,0,1,0),
('한두솔',5.790,26,2,0,1,2,1.000,'18 2/3',26,0,13,0,18,14,12,'2.09',0,0,0,0,93,373,0.338,4,0,2,1,1,1,0),
('화이트',2.720,8,4,1,0,0,0.800,'46 1/3',32,4,15,0,47,16,14,'1.01',0,0,4,0,186,740,0.188,6,1,0,1,0,3,0);
/*!40000 ALTER TABLE `temp_pitcherstats` ENABLE KEYS */;
UNLOCK TABLES;

--
-- Table structure for table `user`
--

DROP TABLE IF EXISTS `user`;
/*!40101 SET @saved_cs_client     = @@character_set_client */;
/*!40101 SET character_set_client = utf8mb4 */;
CREATE TABLE `user` (
  `id` bigint(20) NOT NULL AUTO_INCREMENT,
  `leagueTeam_id` bigint(20) DEFAULT NULL,
  `email` varchar(50) NOT NULL,
  `name` varchar(30) NOT NULL,
  `phone` varchar(30) NOT NULL,
  `age` tinyint(4) DEFAULT NULL,
  `role` enum('admin','user') NOT NULL DEFAULT 'user',
  PRIMARY KEY (`id`),
  UNIQUE KEY `email` (`email`),
  UNIQUE KEY `phone` (`phone`),
  KEY `leagueTeam_id` (`leagueTeam_id`),
  CONSTRAINT `user_ibfk_1` FOREIGN KEY (`leagueTeam_id`) REFERENCES `leagueteam` (`id`)
) ENGINE=InnoDB DEFAULT CHARSET=utf8mb4 COLLATE=utf8mb4_uca1400_ai_ci;
/*!40101 SET character_set_client = @saved_cs_client */;

--
-- Dumping data for table `user`
--

LOCK TABLES `user` WRITE;
/*!40000 ALTER TABLE `user` DISABLE KEYS */;
/*!40000 ALTER TABLE `user` ENABLE KEYS */;
UNLOCK TABLES;
/*!40103 SET TIME_ZONE=@OLD_TIME_ZONE */;

/*!40101 SET SQL_MODE=@OLD_SQL_MODE */;
/*!40014 SET FOREIGN_KEY_CHECKS=@OLD_FOREIGN_KEY_CHECKS */;
/*!40014 SET UNIQUE_CHECKS=@OLD_UNIQUE_CHECKS */;
/*!40101 SET CHARACTER_SET_CLIENT=@OLD_CHARACTER_SET_CLIENT */;
/*!40101 SET CHARACTER_SET_RESULTS=@OLD_CHARACTER_SET_RESULTS */;
/*!40101 SET COLLATION_CONNECTION=@OLD_COLLATION_CONNECTION */;
/*M!100616 SET NOTE_VERBOSITY=@OLD_NOTE_VERBOSITY */;

-- Dump completed on 2025-06-08 21:03:36
